0 verbose cli C:\Program Files\nodejs\node.exe C:\Users\Faneva_ANDRIANAINA\AppData\Roaming\npm\node_modules\npm\bin\npm-cli.js
1 info using npm@10.8.3
2 info using node@v20.11.1
3 silly config load:file:C:\Users\Faneva_ANDRIANAINA\AppData\Roaming\npm\node_modules\npm\npmrc
4 silly config load:file:C:\Users\Faneva_ANDRIANAINA\.npmrc
5 silly config load:file:C:\Users\Faneva_ANDRIANAINA\AppData\Roaming\npm\etc\npmrc
6 verbose title npm install vercel
7 verbose argv "install" "--global" "vercel"
8 verbose logfile logs-max:10 dir:C:\Users\Faneva_ANDRIANAINA\Desktop\profily\mon_app\_logs\2024-09-21T13_04_40_862Z-
9 verbose logfile C:\Users\Faneva_ANDRIANAINA\Desktop\profily\mon_app\_logs\2024-09-21T13_04_40_862Z-debug-0.log
10 silly packumentCache heap:1742471168 maxSize:435617792 maxEntrySize:217808896
11 silly logfile start cleaning logs, removing 6 files
12 silly idealTree buildDeps
13 silly fetch manifest vercel@*
14 silly packumentCache full:https://registry.npmjs.org/vercel cache-miss
15 silly logfile done cleaning log files
16 http fetch GET 200 https://registry.npmjs.org/vercel 1741ms (cache miss)
17 silly packumentCache full:https://registry.npmjs.org/vercel set size:undefined disposed:false
18 silly placeDep ROOT vercel@37.5.3 OK for:  want: *
19 silly fetch manifest chokidar@3.3.1
20 silly packumentCache full:https://registry.npmjs.org/chokidar cache-miss
21 silly fetch manifest @vercel/go@3.1.3
22 silly packumentCache full:https://registry.npmjs.org/@vercel%2fgo cache-miss
23 silly fetch manifest @vercel/fun@1.1.0
24 silly packumentCache full:https://registry.npmjs.org/@vercel%2ffun cache-miss
25 http fetch GET 200 https://registry.npmjs.org/chokidar 634ms (cache revalidated)
26 silly packumentCache full:https://registry.npmjs.org/chokidar set size:246319 disposed:false
27 silly fetch manifest @vercel/next@4.3.10
28 silly packumentCache full:https://registry.npmjs.org/@vercel%2fnext cache-miss
29 http fetch GET 200 https://registry.npmjs.org/@vercel%2fgo 931ms (cache miss)
30 silly packumentCache full:https://registry.npmjs.org/@vercel%2fgo set size:undefined disposed:false
31 silly fetch manifest @vercel/node@3.2.15
32 silly packumentCache full:https://registry.npmjs.org/@vercel%2fnode cache-miss
33 http fetch GET 200 https://registry.npmjs.org/@vercel%2ffun 951ms (cache miss)
34 silly packumentCache full:https://registry.npmjs.org/@vercel%2ffun set size:undefined disposed:false
35 silly fetch manifest @vercel/ruby@2.1.0
36 silly packumentCache full:https://registry.npmjs.org/@vercel%2fruby cache-miss
37 http fetch GET 200 https://registry.npmjs.org/@vercel%2fnode 762ms (cache miss)
38 silly packumentCache full:https://registry.npmjs.org/@vercel%2fnode set size:undefined disposed:false
39 silly fetch manifest @vercel/python@4.3.1
40 silly packumentCache full:https://registry.npmjs.org/@vercel%2fpython cache-miss
41 http fetch GET 200 https://registry.npmjs.org/@vercel%2fruby 835ms (cache miss)
42 silly packumentCache full:https://registry.npmjs.org/@vercel%2fruby set size:undefined disposed:false
43 silly fetch manifest @vercel/redwood@2.1.5
44 silly packumentCache full:https://registry.npmjs.org/@vercel%2fredwood cache-miss
45 http fetch GET 200 https://registry.npmjs.org/@vercel%2fnext 1196ms (cache miss)
46 silly packumentCache full:https://registry.npmjs.org/@vercel%2fnext set size:undefined disposed:false
47 silly fetch manifest @vercel/hydrogen@1.0.6
48 silly packumentCache full:https://registry.npmjs.org/@vercel%2fhydrogen cache-miss
49 http fetch GET 200 https://registry.npmjs.org/@vercel%2fpython 849ms (cache miss)
50 silly packumentCache full:https://registry.npmjs.org/@vercel%2fpython set size:undefined disposed:false
51 silly fetch manifest @vercel/build-utils@8.4.3
52 silly packumentCache full:https://registry.npmjs.org/@vercel%2fbuild-utils cache-miss
53 http fetch GET 200 https://registry.npmjs.org/@vercel%2fredwood 843ms (cache miss)
54 silly packumentCache full:https://registry.npmjs.org/@vercel%2fredwood set size:undefined disposed:false
55 silly fetch manifest @vercel/static-build@2.5.25
56 silly packumentCache full:https://registry.npmjs.org/@vercel%2fstatic-build cache-miss
57 http fetch GET 200 https://registry.npmjs.org/@vercel%2fhydrogen 798ms (cache miss)
58 silly packumentCache full:https://registry.npmjs.org/@vercel%2fhydrogen set size:undefined disposed:false
59 silly fetch manifest @vercel/remix-builder@2.2.9
60 silly packumentCache full:https://registry.npmjs.org/@vercel%2fremix-builder cache-miss
61 http fetch GET 200 https://registry.npmjs.org/@vercel%2fbuild-utils 907ms (cache miss)
62 silly packumentCache full:https://registry.npmjs.org/@vercel%2fbuild-utils set size:undefined disposed:false
63 http fetch GET 200 https://registry.npmjs.org/@vercel%2fremix-builder 863ms (cache miss)
64 silly packumentCache full:https://registry.npmjs.org/@vercel%2fremix-builder set size:undefined disposed:false
65 http fetch GET 200 https://registry.npmjs.org/@vercel%2fstatic-build 881ms (cache miss)
66 silly packumentCache full:https://registry.npmjs.org/@vercel%2fstatic-build set size:undefined disposed:false
67 silly placeDep node_modules/vercel @vercel/build-utils@8.4.3 OK for: vercel@37.5.3 want: 8.4.3
68 silly placeDep node_modules/vercel @vercel/fun@1.1.0 OK for: vercel@37.5.3 want: 1.1.0
69 silly placeDep node_modules/vercel @vercel/go@3.1.3 OK for: vercel@37.5.3 want: 3.1.3
70 silly placeDep node_modules/vercel @vercel/hydrogen@1.0.6 OK for: vercel@37.5.3 want: 1.0.6
71 silly placeDep node_modules/vercel @vercel/next@4.3.10 OK for: vercel@37.5.3 want: 4.3.10
72 silly placeDep node_modules/vercel @vercel/node@3.2.15 OK for: vercel@37.5.3 want: 3.2.15
73 silly placeDep node_modules/vercel @vercel/python@4.3.1 OK for: vercel@37.5.3 want: 4.3.1
74 silly placeDep node_modules/vercel @vercel/redwood@2.1.5 OK for: vercel@37.5.3 want: 2.1.5
75 silly placeDep node_modules/vercel @vercel/remix-builder@2.2.9 OK for: vercel@37.5.3 want: 2.2.9
76 silly placeDep node_modules/vercel @vercel/ruby@2.1.0 OK for: vercel@37.5.3 want: 2.1.0
77 silly placeDep node_modules/vercel @vercel/static-build@2.5.25 OK for: vercel@37.5.3 want: 2.5.25
78 silly placeDep node_modules/vercel chokidar@3.3.1 OK for: vercel@37.5.3 want: 3.3.1
79 silly fetch manifest @tootallnate/once@2.0.0
80 silly packumentCache full:https://registry.npmjs.org/@tootallnate%2fonce cache-miss
81 silly fetch manifest async-listen@1.2.0
82 silly packumentCache full:https://registry.npmjs.org/async-listen cache-miss
83 silly fetch manifest debug@4.1.1
84 silly packumentCache full:https://registry.npmjs.org/debug cache-miss
85 http fetch GET 200 https://registry.npmjs.org/debug 89ms (cache miss)
86 silly packumentCache full:https://registry.npmjs.org/debug set size:undefined disposed:false
87 silly fetch manifest execa@3.2.0
88 silly packumentCache full:https://registry.npmjs.org/execa cache-miss
89 http fetch GET 200 https://registry.npmjs.org/execa 196ms (cache miss)
90 silly packumentCache full:https://registry.npmjs.org/execa set size:undefined disposed:false
91 silly fetch manifest fs-extra@8.1.0
92 silly packumentCache full:https://registry.npmjs.org/fs-extra cache-miss
93 http fetch GET 200 https://registry.npmjs.org/fs-extra 268ms (cache revalidated)
94 silly packumentCache full:https://registry.npmjs.org/fs-extra set size:220826 disposed:false
95 silly fetch manifest generic-pool@3.4.2
96 silly packumentCache full:https://registry.npmjs.org/generic-pool cache-miss
97 http fetch GET 200 https://registry.npmjs.org/@tootallnate%2fonce 707ms (cache miss)
98 silly packumentCache full:https://registry.npmjs.org/@tootallnate%2fonce set size:undefined disposed:false
99 silly fetch manifest micro@9.3.5-canary.3
100 silly packumentCache full:https://registry.npmjs.org/micro cache-miss
101 http fetch GET 200 https://registry.npmjs.org/async-listen 756ms (cache miss)
102 silly packumentCache full:https://registry.npmjs.org/async-listen set size:undefined disposed:false
103 silly fetch manifest ms@2.1.1
104 silly packumentCache full:https://registry.npmjs.org/ms cache-miss
105 http fetch GET 200 https://registry.npmjs.org/ms 79ms (cache miss)
106 silly packumentCache full:https://registry.npmjs.org/ms set size:undefined disposed:false
107 silly fetch manifest node-fetch@2.6.7
108 silly packumentCache full:https://registry.npmjs.org/node-fetch cache-miss
109 http fetch GET 200 https://registry.npmjs.org/generic-pool 443ms (cache miss)
110 silly packumentCache full:https://registry.npmjs.org/generic-pool set size:undefined disposed:false
111 silly fetch manifest path-match@1.2.4
112 silly packumentCache full:https://registry.npmjs.org/path-match cache-miss
113 http fetch GET 200 https://registry.npmjs.org/micro 357ms (cache miss)
114 silly packumentCache full:https://registry.npmjs.org/micro set size:undefined disposed:false
115 silly fetch manifest promisepipe@3.0.0
116 silly packumentCache full:https://registry.npmjs.org/promisepipe cache-miss
117 http fetch GET 200 https://registry.npmjs.org/node-fetch 314ms (cache miss)
118 silly packumentCache full:https://registry.npmjs.org/node-fetch set size:undefined disposed:false
119 silly fetch manifest semver@7.3.5
120 silly packumentCache full:https://registry.npmjs.org/semver cache-miss
121 http fetch GET 200 https://registry.npmjs.org/path-match 349ms (cache miss)
122 silly packumentCache full:https://registry.npmjs.org/path-match set size:undefined disposed:false
123 silly fetch manifest stat-mode@0.3.0
124 silly packumentCache full:https://registry.npmjs.org/stat-mode cache-miss
125 http fetch GET 200 https://registry.npmjs.org/semver 574ms (cache revalidated)
126 silly packumentCache full:https://registry.npmjs.org/semver set size:215945 disposed:false
127 silly fetch manifest stream-to-promise@2.2.0
128 silly packumentCache full:https://registry.npmjs.org/stream-to-promise cache-miss
129 http fetch GET 200 https://registry.npmjs.org/promisepipe 807ms (cache miss)
130 silly packumentCache full:https://registry.npmjs.org/promisepipe set size:undefined disposed:false
131 silly fetch manifest tar@4.4.18
132 silly packumentCache full:https://registry.npmjs.org/tar cache-miss
133 http fetch GET 200 https://registry.npmjs.org/stream-to-promise 282ms (cache miss)
134 silly packumentCache full:https://registry.npmjs.org/stream-to-promise set size:undefined disposed:false
135 silly fetch manifest tree-kill@1.2.2
136 silly packumentCache full:https://registry.npmjs.org/tree-kill cache-miss
137 http fetch GET 200 https://registry.npmjs.org/stat-mode 671ms (cache miss)
138 silly packumentCache full:https://registry.npmjs.org/stat-mode set size:undefined disposed:false
139 silly fetch manifest uid-promise@1.0.0
140 silly packumentCache full:https://registry.npmjs.org/uid-promise cache-miss
141 http fetch GET 200 https://registry.npmjs.org/tar 312ms (cache miss)
142 silly packumentCache full:https://registry.npmjs.org/tar set size:undefined disposed:false
143 silly fetch manifest uuid@3.3.2
144 silly packumentCache full:https://registry.npmjs.org/uuid cache-miss
145 http fetch GET 200 https://registry.npmjs.org/uid-promise 288ms (cache miss)
146 silly packumentCache full:https://registry.npmjs.org/uid-promise set size:undefined disposed:false
147 silly fetch manifest xdg-app-paths@5.1.0
148 silly packumentCache full:https://registry.npmjs.org/xdg-app-paths cache-miss
149 http fetch GET 200 https://registry.npmjs.org/tree-kill 320ms (cache miss)
150 silly packumentCache full:https://registry.npmjs.org/tree-kill set size:undefined disposed:false
151 silly fetch manifest yauzl-promise@2.1.3
152 silly packumentCache full:https://registry.npmjs.org/yauzl-promise cache-miss
153 http fetch GET 200 https://registry.npmjs.org/uuid 182ms (cache miss)
154 silly packumentCache full:https://registry.npmjs.org/uuid set size:undefined disposed:false
155 silly fetch manifest ts-morph@12.0.0
156 silly packumentCache full:https://registry.npmjs.org/ts-morph cache-miss
157 http fetch GET 200 https://registry.npmjs.org/yauzl-promise 313ms (cache miss)
158 silly packumentCache full:https://registry.npmjs.org/yauzl-promise set size:undefined disposed:false
159 silly fetch manifest @vercel/static-config@3.0.0
160 silly packumentCache full:https://registry.npmjs.org/@vercel%2fstatic-config cache-miss
161 http fetch GET 200 https://registry.npmjs.org/ts-morph 335ms (cache miss)
162 silly packumentCache full:https://registry.npmjs.org/ts-morph set size:undefined disposed:false
163 silly fetch manifest @vercel/nft@0.27.3
164 silly packumentCache full:https://registry.npmjs.org/@vercel%2fnft cache-miss
165 http fetch GET 200 https://registry.npmjs.org/xdg-app-paths 861ms (cache miss)
166 silly packumentCache full:https://registry.npmjs.org/xdg-app-paths set size:undefined disposed:false
167 silly fetch manifest etag@1.8.1
168 silly packumentCache full:https://registry.npmjs.org/etag cache-miss
169 http fetch GET 200 https://registry.npmjs.org/@vercel%2fstatic-config 729ms (cache miss)
170 silly packumentCache full:https://registry.npmjs.org/@vercel%2fstatic-config set size:undefined disposed:false
171 silly fetch manifest undici@5.28.4
172 silly packumentCache full:https://registry.npmjs.org/undici cache-miss
173 http fetch GET 200 https://registry.npmjs.org/@vercel%2fnft 837ms (cache miss)
174 silly packumentCache full:https://registry.npmjs.org/@vercel%2fnft set size:undefined disposed:false
175 silly fetch manifest esbuild@0.14.47
176 silly packumentCache full:https://registry.npmjs.org/esbuild cache-miss
177 http fetch GET 200 https://registry.npmjs.org/etag 456ms (cache miss)
178 silly packumentCache full:https://registry.npmjs.org/etag set size:undefined disposed:false
179 silly fetch manifest ts-node@10.9.1
180 silly packumentCache full:https://registry.npmjs.org/ts-node cache-miss
181 http fetch GET 200 https://registry.npmjs.org/undici 713ms (cache miss)
182 silly packumentCache full:https://registry.npmjs.org/undici set size:undefined disposed:false
183 silly fetch manifest node-fetch@2.6.9
184 silly packumentCache full:https://registry.npmjs.org/node-fetch cache-miss
185 http fetch GET 200 https://registry.npmjs.org/node-fetch 106ms (cache revalidated)
186 silly packumentCache full:https://registry.npmjs.org/node-fetch set size:896010 disposed:false
187 silly fetch manifest typescript@4.9.5
188 silly packumentCache full:https://registry.npmjs.org/typescript cache-miss
189 http fetch GET 200 https://registry.npmjs.org/esbuild 783ms (cache miss)
190 silly packumentCache full:https://registry.npmjs.org/esbuild set size:undefined disposed:false
191 silly fetch manifest @types/node@16.18.11
192 silly packumentCache full:https://registry.npmjs.org/@types%2fnode cache-miss
193 http fetch GET 200 https://registry.npmjs.org/ts-node 724ms (cache miss)
194 silly packumentCache full:https://registry.npmjs.org/ts-node set size:undefined disposed:false
195 silly fetch manifest async-listen@3.0.0
196 silly packumentCache full:https://registry.npmjs.org/async-listen cache-miss
197 http fetch GET 200 https://registry.npmjs.org/async-listen 119ms (cache revalidated)
198 silly packumentCache full:https://registry.npmjs.org/async-listen set size:26095 disposed:false
199 silly fetch manifest edge-runtime@2.5.9
200 silly packumentCache full:https://registry.npmjs.org/edge-runtime cache-miss
201 http fetch GET 200 https://registry.npmjs.org/edge-runtime 500ms (cache miss)
202 silly packumentCache full:https://registry.npmjs.org/edge-runtime set size:undefined disposed:false
203 silly fetch manifest path-to-regexp@6.2.1
204 silly packumentCache full:https://registry.npmjs.org/path-to-regexp cache-miss
205 http fetch GET 200 https://registry.npmjs.org/@types%2fnode 757ms (cache miss)
206 silly packumentCache full:https://registry.npmjs.org/@types%2fnode set size:undefined disposed:false
207 silly fetch manifest es-module-lexer@1.4.1
208 silly packumentCache full:https://registry.npmjs.org/es-module-lexer cache-miss
209 http fetch GET 200 https://registry.npmjs.org/typescript 1098ms (cache miss)
210 silly packumentCache full:https://registry.npmjs.org/typescript set size:undefined disposed:false
211 silly fetch manifest @edge-runtime/vm@3.2.0
212 silly packumentCache full:https://registry.npmjs.org/@edge-runtime%2fvm cache-miss
213 http fetch GET 200 https://registry.npmjs.org/path-to-regexp 445ms (cache miss)
214 silly packumentCache full:https://registry.npmjs.org/path-to-regexp set size:undefined disposed:false
215 silly fetch manifest cjs-module-lexer@1.2.3
216 silly packumentCache full:https://registry.npmjs.org/cjs-module-lexer cache-miss
217 http fetch GET 200 https://registry.npmjs.org/es-module-lexer 320ms (cache miss)
218 silly packumentCache full:https://registry.npmjs.org/es-module-lexer set size:undefined disposed:false
219 silly fetch manifest @vercel/error-utils@2.0.2
220 silly packumentCache full:https://registry.npmjs.org/@vercel%2ferror-utils cache-miss
221 http fetch GET 200 https://registry.npmjs.org/@vercel%2ferror-utils 1114ms (cache miss)
222 silly packumentCache full:https://registry.npmjs.org/@vercel%2ferror-utils set size:undefined disposed:false
223 silly fetch manifest @edge-runtime/node-utils@2.3.0
224 silly packumentCache full:https://registry.npmjs.org/@edge-runtime%2fnode-utils cache-miss
225 http fetch GET 200 https://registry.npmjs.org/cjs-module-lexer 1540ms (cache miss)
226 silly packumentCache full:https://registry.npmjs.org/cjs-module-lexer set size:undefined disposed:false
227 silly fetch manifest @edge-runtime/primitives@4.1.0
228 silly packumentCache full:https://registry.npmjs.org/@edge-runtime%2fprimitives cache-miss
229 http fetch GET 200 https://registry.npmjs.org/@edge-runtime%2fvm 1589ms (cache miss)
230 silly packumentCache full:https://registry.npmjs.org/@edge-runtime%2fvm set size:undefined disposed:false
231 silly fetch manifest semver@6.3.1
232 silly packumentCache full:https://registry.npmjs.org/semver cache-hit
233 silly fetch manifest @vercel/routing-utils@3.1.0
234 silly packumentCache full:https://registry.npmjs.org/@vercel%2frouting-utils cache-miss
235 http fetch GET 200 https://registry.npmjs.org/@edge-runtime%2fnode-utils 690ms (cache miss)
236 silly packumentCache full:https://registry.npmjs.org/@edge-runtime%2fnode-utils set size:undefined disposed:false
237 silly fetch manifest @vercel/gatsby-plugin-vercel-builder@2.0.47
238 silly packumentCache full:https://registry.npmjs.org/@vercel%2fgatsby-plugin-vercel-builder cache-miss
239 http fetch GET 200 https://registry.npmjs.org/@vercel%2frouting-utils 698ms (cache miss)
240 silly packumentCache full:https://registry.npmjs.org/@vercel%2frouting-utils set size:undefined disposed:false
241 silly fetch manifest @vercel/gatsby-plugin-vercel-analytics@1.0.11
242 silly packumentCache full:https://registry.npmjs.org/@vercel%2fgatsby-plugin-vercel-analytics cache-miss
243 http fetch GET 200 https://registry.npmjs.org/@edge-runtime%2fprimitives 971ms (cache miss)
244 silly packumentCache full:https://registry.npmjs.org/@edge-runtime%2fprimitives set size:undefined disposed:false
245 silly fetch manifest braces@~3.0.2
246 silly packumentCache full:https://registry.npmjs.org/braces cache-miss
247 http fetch GET 200 https://registry.npmjs.org/braces 490ms (cache miss)
248 silly packumentCache full:https://registry.npmjs.org/braces set size:undefined disposed:false
249 silly fetch manifest is-glob@~4.0.1
250 silly packumentCache full:https://registry.npmjs.org/is-glob cache-miss
251 http fetch GET 200 https://registry.npmjs.org/@vercel%2fgatsby-plugin-vercel-builder 804ms (cache miss)
252 silly packumentCache full:https://registry.npmjs.org/@vercel%2fgatsby-plugin-vercel-builder set size:undefined disposed:false
253 silly fetch manifest anymatch@~3.1.1
254 silly packumentCache full:https://registry.npmjs.org/anymatch cache-miss
255 http fetch GET 200 https://registry.npmjs.org/is-glob 290ms (cache miss)
256 silly packumentCache full:https://registry.npmjs.org/is-glob set size:undefined disposed:false
257 silly fetch manifest readdirp@~3.3.0
258 silly packumentCache full:https://registry.npmjs.org/readdirp cache-miss
259 http fetch GET 200 https://registry.npmjs.org/anymatch 328ms (cache miss)
260 silly packumentCache full:https://registry.npmjs.org/anymatch set size:undefined disposed:false
261 silly fetch manifest glob-parent@~5.1.0
262 silly packumentCache full:https://registry.npmjs.org/glob-parent cache-miss
263 http fetch GET 200 https://registry.npmjs.org/readdirp 271ms (cache miss)
264 silly packumentCache full:https://registry.npmjs.org/readdirp set size:undefined disposed:false
265 silly fetch manifest is-binary-path@~2.1.0
266 silly packumentCache full:https://registry.npmjs.org/is-binary-path cache-miss
267 http fetch GET 200 https://registry.npmjs.org/glob-parent 270ms (cache miss)
268 silly packumentCache full:https://registry.npmjs.org/glob-parent set size:undefined disposed:false
269 silly fetch manifest normalize-path@~3.0.0
270 silly packumentCache full:https://registry.npmjs.org/normalize-path cache-miss
271 http fetch GET 200 https://registry.npmjs.org/is-binary-path 263ms (cache miss)
272 silly packumentCache full:https://registry.npmjs.org/is-binary-path set size:undefined disposed:false
273 silly fetch manifest fsevents@~2.1.2
274 silly packumentCache full:https://registry.npmjs.org/fsevents cache-miss
275 http fetch GET 200 https://registry.npmjs.org/normalize-path 357ms (cache miss)
276 silly packumentCache full:https://registry.npmjs.org/normalize-path set size:undefined disposed:false
277 http fetch GET 200 https://registry.npmjs.org/@vercel%2fgatsby-plugin-vercel-analytics 1836ms (cache miss)
278 silly packumentCache full:https://registry.npmjs.org/@vercel%2fgatsby-plugin-vercel-analytics set size:undefined disposed:false
279 http fetch GET 200 https://registry.npmjs.org/fsevents 275ms (cache miss)
280 silly packumentCache full:https://registry.npmjs.org/fsevents set size:undefined disposed:false
281 silly fetch manifest encoding@^0.1.0
282 silly packumentCache full:https://registry.npmjs.org/encoding cache-miss
283 http fetch GET 200 https://registry.npmjs.org/encoding 327ms (cache miss)
284 silly packumentCache full:https://registry.npmjs.org/encoding set size:undefined disposed:false
285 silly placeDep node_modules/vercel @tootallnate/once@2.0.0 OK for: @vercel/fun@1.1.0 want: 2.0.0
286 silly placeDep node_modules/vercel async-listen@1.2.0 OK for: @vercel/fun@1.1.0 want: 1.2.0
287 silly placeDep node_modules/vercel debug@4.1.1 OK for: @vercel/fun@1.1.0 want: 4.1.1
288 silly placeDep node_modules/vercel execa@3.2.0 OK for: @vercel/fun@1.1.0 want: 3.2.0
289 silly placeDep node_modules/vercel fs-extra@8.1.0 OK for: @vercel/fun@1.1.0 want: 8.1.0
290 silly placeDep node_modules/vercel generic-pool@3.4.2 OK for: @vercel/fun@1.1.0 want: 3.4.2
291 silly placeDep node_modules/vercel micro@9.3.5-canary.3 OK for: @vercel/fun@1.1.0 want: 9.3.5-canary.3
292 silly placeDep node_modules/vercel ms@2.1.1 OK for: @vercel/fun@1.1.0 want: 2.1.1
293 silly placeDep node_modules/vercel node-fetch@2.6.7 OK for: @vercel/fun@1.1.0 want: 2.6.7
294 silly placeDep node_modules/vercel path-match@1.2.4 OK for: @vercel/fun@1.1.0 want: 1.2.4
295 silly placeDep node_modules/vercel promisepipe@3.0.0 OK for: @vercel/fun@1.1.0 want: 3.0.0
296 silly placeDep node_modules/vercel semver@7.3.5 OK for: @vercel/fun@1.1.0 want: 7.3.5
297 silly placeDep node_modules/vercel stat-mode@0.3.0 OK for: @vercel/fun@1.1.0 want: 0.3.0
298 silly placeDep node_modules/vercel stream-to-promise@2.2.0 OK for: @vercel/fun@1.1.0 want: 2.2.0
299 silly placeDep node_modules/vercel tar@4.4.18 OK for: @vercel/fun@1.1.0 want: 4.4.18
300 silly placeDep node_modules/vercel tree-kill@1.2.2 OK for: @vercel/fun@1.1.0 want: 1.2.2
301 silly placeDep node_modules/vercel uid-promise@1.0.0 OK for: @vercel/fun@1.1.0 want: 1.0.0
302 silly placeDep node_modules/vercel uuid@3.3.2 OK for: @vercel/fun@1.1.0 want: 3.3.2
303 silly placeDep node_modules/vercel xdg-app-paths@5.1.0 OK for: @vercel/fun@1.1.0 want: 5.1.0
304 silly placeDep node_modules/vercel yauzl-promise@2.1.3 OK for: @vercel/fun@1.1.0 want: 2.1.3
305 silly fetch manifest ms@^2.1.1
306 silly packumentCache full:https://registry.npmjs.org/ms cache-miss
307 silly fetch manifest onetime@^5.1.0
308 silly packumentCache full:https://registry.npmjs.org/onetime cache-miss
309 silly fetch manifest is-stream@^2.0.0
310 silly packumentCache full:https://registry.npmjs.org/is-stream cache-miss
311 http fetch GET 200 https://registry.npmjs.org/ms 312ms (cache revalidated)
312 silly packumentCache full:https://registry.npmjs.org/ms set size:84885 disposed:false
313 silly fetch manifest p-finally@^2.0.0
314 silly packumentCache full:https://registry.npmjs.org/p-finally cache-miss
315 http fetch GET 200 https://registry.npmjs.org/is-stream 380ms (cache miss)
316 silly packumentCache full:https://registry.npmjs.org/is-stream set size:undefined disposed:false
317 silly fetch manifest get-stream@^5.0.0
318 silly packumentCache full:https://registry.npmjs.org/get-stream cache-miss
319 http fetch GET 200 https://registry.npmjs.org/onetime 519ms (cache revalidated)
320 silly packumentCache full:https://registry.npmjs.org/onetime set size:30525 disposed:false
321 silly fetch manifest cross-spawn@^7.0.0
322 silly packumentCache full:https://registry.npmjs.org/cross-spawn cache-miss
323 http fetch GET 200 https://registry.npmjs.org/p-finally 338ms (cache miss)
324 silly packumentCache full:https://registry.npmjs.org/p-finally set size:undefined disposed:false
325 silly fetch manifest signal-exit@^3.0.2
326 silly packumentCache full:https://registry.npmjs.org/signal-exit cache-miss
327 http fetch GET 200 https://registry.npmjs.org/get-stream 748ms (cache miss)
328 silly packumentCache full:https://registry.npmjs.org/get-stream set size:undefined disposed:false
329 silly fetch manifest merge-stream@^2.0.0
330 silly packumentCache full:https://registry.npmjs.org/merge-stream cache-miss
331 http fetch GET 200 https://registry.npmjs.org/cross-spawn 626ms (cache miss)
332 silly packumentCache full:https://registry.npmjs.org/cross-spawn set size:undefined disposed:false
333 silly fetch manifest npm-run-path@^4.0.0
334 silly packumentCache full:https://registry.npmjs.org/npm-run-path cache-miss
335 http fetch GET 200 https://registry.npmjs.org/merge-stream 360ms (cache miss)
336 silly packumentCache full:https://registry.npmjs.org/merge-stream set size:undefined disposed:false
337 silly fetch manifest human-signals@^1.1.1
338 silly packumentCache full:https://registry.npmjs.org/human-signals cache-miss
339 http fetch GET 200 https://registry.npmjs.org/signal-exit 863ms (cache revalidated)
340 silly packumentCache full:https://registry.npmjs.org/signal-exit set size:53489 disposed:false
341 silly fetch manifest strip-final-newline@^2.0.0
342 silly packumentCache full:https://registry.npmjs.org/strip-final-newline cache-miss
343 http fetch GET 200 https://registry.npmjs.org/human-signals 282ms (cache miss)
344 silly packumentCache full:https://registry.npmjs.org/human-signals set size:undefined disposed:false
345 silly fetch manifest graceful-fs@^4.2.0
346 silly packumentCache full:https://registry.npmjs.org/graceful-fs cache-miss
347 http fetch GET 200 https://registry.npmjs.org/strip-final-newline 337ms (cache miss)
348 silly packumentCache full:https://registry.npmjs.org/strip-final-newline set size:undefined disposed:false
349 silly fetch manifest jsonfile@^4.0.0
350 silly packumentCache full:https://registry.npmjs.org/jsonfile cache-miss
351 http fetch GET 200 https://registry.npmjs.org/npm-run-path 974ms (cache miss)
352 silly packumentCache full:https://registry.npmjs.org/npm-run-path set size:undefined disposed:false
353 silly fetch manifest universalify@^0.1.0
354 silly packumentCache full:https://registry.npmjs.org/universalify cache-miss
355 http fetch GET 200 https://registry.npmjs.org/graceful-fs 655ms (cache revalidated)
356 silly packumentCache full:https://registry.npmjs.org/graceful-fs set size:124285 disposed:false
357 silly fetch manifest arg@4.1.0
358 silly packumentCache full:https://registry.npmjs.org/arg cache-miss
359 http fetch GET 200 https://registry.npmjs.org/universalify 381ms (cache revalidated)
360 silly packumentCache full:https://registry.npmjs.org/universalify set size:19431 disposed:false
361 silly fetch manifest raw-body@2.4.1
362 silly packumentCache full:https://registry.npmjs.org/raw-body cache-miss
363 http fetch GET 200 https://registry.npmjs.org/jsonfile 670ms (cache revalidated)
364 silly packumentCache full:https://registry.npmjs.org/jsonfile set size:49758 disposed:false
365 silly fetch manifest content-type@1.0.4
366 silly packumentCache full:https://registry.npmjs.org/content-type cache-miss
367 http fetch GET 200 https://registry.npmjs.org/raw-body 271ms (cache miss)
368 silly packumentCache full:https://registry.npmjs.org/raw-body set size:undefined disposed:false
369 silly fetch manifest whatwg-url@^5.0.0
370 silly packumentCache full:https://registry.npmjs.org/whatwg-url cache-miss
371 http fetch GET 200 https://registry.npmjs.org/content-type 265ms (cache miss)
372 silly packumentCache full:https://registry.npmjs.org/content-type set size:undefined disposed:false
373 silly fetch manifest http-errors@~1.4.0
374 silly packumentCache full:https://registry.npmjs.org/http-errors cache-miss
375 http fetch GET 200 https://registry.npmjs.org/arg 482ms (cache miss)
376 silly packumentCache full:https://registry.npmjs.org/arg set size:undefined disposed:false
377 silly fetch manifest path-to-regexp@^1.0.0
378 silly packumentCache full:https://registry.npmjs.org/path-to-regexp cache-miss
379 http fetch GET 200 https://registry.npmjs.org/path-to-regexp 91ms (cache revalidated)
380 silly packumentCache full:https://registry.npmjs.org/path-to-regexp set size:192379 disposed:false
381 silly fetch manifest lru-cache@^6.0.0
382 silly packumentCache full:https://registry.npmjs.org/lru-cache cache-miss
383 http fetch GET 200 https://registry.npmjs.org/whatwg-url 323ms (cache miss)
384 silly packumentCache full:https://registry.npmjs.org/whatwg-url set size:undefined disposed:false
385 silly fetch manifest any-promise@~1.3.0
386 silly packumentCache full:https://registry.npmjs.org/any-promise cache-miss
387 http fetch GET 200 https://registry.npmjs.org/http-errors 424ms (cache miss)
388 silly packumentCache full:https://registry.npmjs.org/http-errors set size:undefined disposed:false
389 silly fetch manifest end-of-stream@~1.1.0
390 silly packumentCache full:https://registry.npmjs.org/end-of-stream cache-miss
391 http fetch GET 200 https://registry.npmjs.org/any-promise 304ms (cache miss)
392 silly packumentCache full:https://registry.npmjs.org/any-promise set size:undefined disposed:false
393 silly fetch manifest stream-to-array@~2.3.0
394 silly packumentCache full:https://registry.npmjs.org/stream-to-array cache-miss
395 http fetch GET 200 https://registry.npmjs.org/lru-cache 399ms (cache miss)
396 silly packumentCache full:https://registry.npmjs.org/lru-cache set size:undefined disposed:false
397 silly fetch manifest chownr@^1.1.4
398 silly packumentCache full:https://registry.npmjs.org/chownr cache-miss
399 http fetch GET 200 https://registry.npmjs.org/end-of-stream 335ms (cache miss)
400 silly packumentCache full:https://registry.npmjs.org/end-of-stream set size:undefined disposed:false
401 silly fetch manifest mkdirp@^0.5.5
402 silly packumentCache full:https://registry.npmjs.org/mkdirp cache-miss
403 http fetch GET 200 https://registry.npmjs.org/stream-to-array 277ms (cache miss)
404 silly packumentCache full:https://registry.npmjs.org/stream-to-array set size:undefined disposed:false
405 silly fetch manifest yallist@^3.1.1
406 silly packumentCache full:https://registry.npmjs.org/yallist cache-miss
407 http fetch GET 200 https://registry.npmjs.org/chownr 310ms (cache miss)
408 silly packumentCache full:https://registry.npmjs.org/chownr set size:undefined disposed:false
409 silly fetch manifest minipass@^2.9.0
410 silly packumentCache full:https://registry.npmjs.org/minipass cache-miss
411 http fetch GET 200 https://registry.npmjs.org/mkdirp 287ms (cache miss)
412 silly packumentCache full:https://registry.npmjs.org/mkdirp set size:undefined disposed:false
413 silly fetch manifest minizlib@^1.3.3
414 silly packumentCache full:https://registry.npmjs.org/minizlib cache-miss
415 http fetch GET 200 https://registry.npmjs.org/yallist 333ms (cache miss)
416 silly packumentCache full:https://registry.npmjs.org/yallist set size:undefined disposed:false
417 silly fetch manifest fs-minipass@^1.2.7
418 silly packumentCache full:https://registry.npmjs.org/fs-minipass cache-miss
419 http fetch GET 200 https://registry.npmjs.org/minipass 348ms (cache miss)
420 silly packumentCache full:https://registry.npmjs.org/minipass set size:undefined disposed:false
421 silly fetch manifest safe-buffer@^5.2.1
422 silly packumentCache full:https://registry.npmjs.org/safe-buffer cache-miss
423 http fetch GET 200 https://registry.npmjs.org/minizlib 262ms (cache miss)
424 silly packumentCache full:https://registry.npmjs.org/minizlib set size:undefined disposed:false
425 silly fetch manifest xdg-portable@^7.0.0
426 silly packumentCache full:https://registry.npmjs.org/xdg-portable cache-miss
427 http fetch GET 200 https://registry.npmjs.org/fs-minipass 315ms (cache miss)
428 silly packumentCache full:https://registry.npmjs.org/fs-minipass set size:undefined disposed:false
429 silly fetch manifest yauzl@^2.9.1
430 silly packumentCache full:https://registry.npmjs.org/yauzl cache-miss
431 http fetch GET 200 https://registry.npmjs.org/xdg-portable 303ms (cache miss)
432 silly packumentCache full:https://registry.npmjs.org/xdg-portable set size:undefined disposed:false
433 silly fetch manifest yauzl-clone@^1.0.4
434 silly packumentCache full:https://registry.npmjs.org/yauzl-clone cache-miss
435 http fetch GET 200 https://registry.npmjs.org/yauzl 347ms (cache miss)
436 silly packumentCache full:https://registry.npmjs.org/yauzl set size:undefined disposed:false
437 http fetch GET 200 https://registry.npmjs.org/yauzl-clone 367ms (cache miss)
438 silly packumentCache full:https://registry.npmjs.org/yauzl-clone set size:undefined disposed:false
439 http fetch GET 200 https://registry.npmjs.org/safe-buffer 1070ms (cache revalidated)
440 silly packumentCache full:https://registry.npmjs.org/safe-buffer set size:41183 disposed:false
441 silly placeDep node_modules/vercel @vercel/static-config@3.0.0 OK for: @vercel/hydrogen@1.0.6 want: 3.0.0
442 silly placeDep node_modules/vercel ts-morph@12.0.0 OK for: @vercel/hydrogen@1.0.6 want: 12.0.0
443 silly fetch manifest ajv@8.6.3
444 silly packumentCache full:https://registry.npmjs.org/ajv cache-miss
445 silly fetch manifest json-schema-to-ts@1.6.4
446 silly packumentCache full:https://registry.npmjs.org/json-schema-to-ts cache-miss
447 silly fetch manifest @ts-morph/common@~0.11.0
448 silly packumentCache full:https://registry.npmjs.org/@ts-morph%2fcommon cache-miss
449 http fetch GET 200 https://registry.npmjs.org/json-schema-to-ts 739ms (cache miss)
450 silly packumentCache full:https://registry.npmjs.org/json-schema-to-ts set size:undefined disposed:false
451 silly fetch manifest code-block-writer@^10.1.1
452 silly packumentCache full:https://registry.npmjs.org/code-block-writer cache-miss
453 http fetch GET 200 https://registry.npmjs.org/code-block-writer 311ms (cache miss)
454 silly packumentCache full:https://registry.npmjs.org/code-block-writer set size:undefined disposed:false
455 http fetch GET 200 https://registry.npmjs.org/ajv 1101ms (cache revalidated)
456 silly packumentCache full:https://registry.npmjs.org/ajv set size:1126072 disposed:false
457 http fetch GET 200 https://registry.npmjs.org/@ts-morph%2fcommon 1120ms (cache miss)
458 silly packumentCache full:https://registry.npmjs.org/@ts-morph%2fcommon set size:undefined disposed:false
459 silly placeDep node_modules/vercel @vercel/nft@0.27.3 OK for: @vercel/next@4.3.10 want: 0.27.3
460 silly fetch manifest glob@^7.1.3
461 silly packumentCache full:https://registry.npmjs.org/glob cache-miss
462 silly fetch manifest acorn@^8.6.0
463 silly packumentCache full:https://registry.npmjs.org/acorn cache-miss
464 silly fetch manifest bindings@^1.4.0
465 silly packumentCache full:https://registry.npmjs.org/bindings cache-miss
466 http fetch GET 200 https://registry.npmjs.org/acorn 362ms (cache miss)
467 silly packumentCache full:https://registry.npmjs.org/acorn set size:undefined disposed:false
468 silly fetch manifest async-sema@^3.1.1
469 silly packumentCache full:https://registry.npmjs.org/async-sema cache-miss
470 http fetch GET 200 https://registry.npmjs.org/bindings 377ms (cache miss)
471 silly packumentCache full:https://registry.npmjs.org/bindings set size:undefined disposed:false
472 silly fetch manifest micromatch@^4.0.2
473 silly packumentCache full:https://registry.npmjs.org/micromatch cache-miss
474 http fetch GET 200 https://registry.npmjs.org/async-sema 260ms (cache miss)
475 silly packumentCache full:https://registry.npmjs.org/async-sema set size:undefined disposed:false
476 silly fetch manifest graceful-fs@^4.2.9
477 silly packumentCache full:https://registry.npmjs.org/graceful-fs cache-hit
478 silly fetch manifest resolve-from@^5.0.0
479 silly packumentCache full:https://registry.npmjs.org/resolve-from cache-miss
480 http fetch GET 200 https://registry.npmjs.org/glob 818ms (cache revalidated)
481 silly packumentCache full:https://registry.npmjs.org/glob set size:430869 disposed:false
482 silly fetch manifest estree-walker@2.0.2
483 silly packumentCache full:https://registry.npmjs.org/estree-walker cache-miss
484 http fetch GET 200 https://registry.npmjs.org/resolve-from 3439ms (cache miss)
485 silly packumentCache full:https://registry.npmjs.org/resolve-from set size:undefined disposed:false
486 silly fetch manifest node-gyp-build@^4.2.2
487 silly packumentCache full:https://registry.npmjs.org/node-gyp-build cache-miss
488 http fetch GET 200 https://registry.npmjs.org/estree-walker 3284ms (cache miss)
489 silly packumentCache full:https://registry.npmjs.org/estree-walker set size:undefined disposed:false
490 silly fetch manifest @rollup/pluginutils@^4.0.0
491 silly packumentCache full:https://registry.npmjs.org/@rollup%2fpluginutils cache-miss
492 http fetch GET 200 https://registry.npmjs.org/micromatch 3751ms (cache miss)
493 silly packumentCache full:https://registry.npmjs.org/micromatch set size:undefined disposed:false
494 silly fetch manifest @mapbox/node-pre-gyp@^1.0.5
495 silly packumentCache full:https://registry.npmjs.org/@mapbox%2fnode-pre-gyp cache-miss
496 http fetch GET 200 https://registry.npmjs.org/node-gyp-build 316ms (cache miss)
497 silly packumentCache full:https://registry.npmjs.org/node-gyp-build set size:undefined disposed:false
498 silly fetch manifest acorn-import-attributes@^1.9.5
499 silly packumentCache full:https://registry.npmjs.org/acorn-import-attributes cache-miss
500 http fetch GET 200 https://registry.npmjs.org/acorn-import-attributes 290ms (cache miss)
501 silly packumentCache full:https://registry.npmjs.org/acorn-import-attributes set size:undefined disposed:false
502 http fetch GET 200 https://registry.npmjs.org/@rollup%2fpluginutils 720ms (cache miss)
503 silly packumentCache full:https://registry.npmjs.org/@rollup%2fpluginutils set size:undefined disposed:false
504 http fetch GET 200 https://registry.npmjs.org/@mapbox%2fnode-pre-gyp 752ms (cache miss)
505 silly packumentCache full:https://registry.npmjs.org/@mapbox%2fnode-pre-gyp set size:undefined disposed:false
506 silly placeDep node_modules/vercel @mapbox/node-pre-gyp@1.0.11 OK for: @vercel/nft@0.27.3 want: ^1.0.5
507 silly placeDep node_modules/vercel @rollup/pluginutils@4.2.1 OK for: @vercel/nft@0.27.3 want: ^4.0.0
508 silly placeDep node_modules/vercel acorn@8.12.1 OK for: @vercel/nft@0.27.3 want: ^8.6.0
509 silly placeDep node_modules/vercel acorn-import-attributes@1.9.5 OK for: @vercel/nft@0.27.3 want: ^1.9.5
510 silly placeDep node_modules/vercel async-sema@3.1.1 OK for: @vercel/nft@0.27.3 want: ^3.1.1
511 silly placeDep node_modules/vercel bindings@1.5.0 OK for: @vercel/nft@0.27.3 want: ^1.4.0
512 silly placeDep node_modules/vercel estree-walker@2.0.2 OK for: @vercel/nft@0.27.3 want: 2.0.2
513 silly placeDep node_modules/vercel glob@7.2.3 OK for: @vercel/nft@0.27.3 want: ^7.1.3
514 silly placeDep node_modules/vercel graceful-fs@4.2.11 OK for: @vercel/nft@0.27.3 want: ^4.2.9
515 silly placeDep node_modules/vercel micromatch@4.0.8 OK for: @vercel/nft@0.27.3 want: ^4.0.2
516 silly placeDep node_modules/vercel node-gyp-build@4.8.2 OK for: @vercel/nft@0.27.3 want: ^4.2.2
517 silly placeDep node_modules/vercel resolve-from@5.0.0 OK for: @vercel/nft@0.27.3 want: ^5.0.0
518 silly fetch manifest tar@^6.1.11
519 silly packumentCache full:https://registry.npmjs.org/tar cache-miss
520 silly fetch manifest nopt@^5.0.0
521 silly packumentCache full:https://registry.npmjs.org/nopt cache-miss
522 silly fetch manifest npmlog@^5.0.1
523 silly packumentCache full:https://registry.npmjs.org/npmlog cache-miss
524 http fetch GET 200 https://registry.npmjs.org/tar 155ms (cache revalidated)
525 silly packumentCache full:https://registry.npmjs.org/tar set size:398957 disposed:false
526 silly fetch manifest rimraf@^3.0.2
527 silly packumentCache full:https://registry.npmjs.org/rimraf cache-miss
528 http fetch GET 200 https://registry.npmjs.org/nopt 278ms (cache miss)
529 silly packumentCache full:https://registry.npmjs.org/nopt set size:undefined disposed:false
530 silly fetch manifest make-dir@^3.1.0
531 silly packumentCache full:https://registry.npmjs.org/make-dir cache-miss
532 http fetch GET 200 https://registry.npmjs.org/npmlog 369ms (cache miss)
533 silly packumentCache full:https://registry.npmjs.org/npmlog set size:undefined disposed:false
534 silly fetch manifest detect-libc@^2.0.0
535 silly packumentCache full:https://registry.npmjs.org/detect-libc cache-miss
536 http fetch GET 200 https://registry.npmjs.org/rimraf 494ms (cache miss)
537 silly packumentCache full:https://registry.npmjs.org/rimraf set size:undefined disposed:false
538 silly fetch manifest https-proxy-agent@^5.0.0
539 silly packumentCache full:https://registry.npmjs.org/https-proxy-agent cache-miss
540 http fetch GET 200 https://registry.npmjs.org/detect-libc 303ms (cache miss)
541 silly packumentCache full:https://registry.npmjs.org/detect-libc set size:undefined disposed:false
542 silly fetch manifest estree-walker@^2.0.1
543 silly packumentCache full:https://registry.npmjs.org/estree-walker cache-miss
544 http fetch GET 200 https://registry.npmjs.org/make-dir 420ms (cache revalidated)
545 silly packumentCache full:https://registry.npmjs.org/make-dir set size:33031 disposed:false
546 silly fetch manifest picomatch@^2.2.2
547 silly packumentCache full:https://registry.npmjs.org/picomatch cache-miss
548 http fetch GET 200 https://registry.npmjs.org/estree-walker 104ms (cache revalidated)
549 silly packumentCache full:https://registry.npmjs.org/estree-walker set size:60887 disposed:false
550 silly fetch manifest file-uri-to-path@1.0.0
551 silly packumentCache full:https://registry.npmjs.org/file-uri-to-path cache-miss
552 http fetch GET 200 https://registry.npmjs.org/https-proxy-agent 281ms (cache miss)
553 silly packumentCache full:https://registry.npmjs.org/https-proxy-agent set size:undefined disposed:false
554 silly fetch manifest once@^1.3.0
555 silly packumentCache full:https://registry.npmjs.org/once cache-miss
556 http fetch GET 200 https://registry.npmjs.org/picomatch 333ms (cache updated)
557 silly packumentCache full:https://registry.npmjs.org/picomatch set size:undefined disposed:false
558 silly fetch manifest inflight@^1.0.4
559 silly packumentCache full:https://registry.npmjs.org/inflight cache-miss
560 http fetch GET 200 https://registry.npmjs.org/file-uri-to-path 306ms (cache miss)
561 silly packumentCache full:https://registry.npmjs.org/file-uri-to-path set size:undefined disposed:false
562 silly fetch manifest inherits@2
563 silly packumentCache full:https://registry.npmjs.org/inherits cache-miss
564 http fetch GET 200 https://registry.npmjs.org/once 357ms (cache revalidated)
565 silly packumentCache full:https://registry.npmjs.org/once set size:11768 disposed:false
566 silly fetch manifest minimatch@^3.1.1
567 silly packumentCache full:https://registry.npmjs.org/minimatch cache-miss
568 http fetch GET 200 https://registry.npmjs.org/inflight 277ms (cache revalidated)
569 silly packumentCache full:https://registry.npmjs.org/inflight set size:13140 disposed:false
570 silly fetch manifest fs.realpath@^1.0.0
571 silly packumentCache full:https://registry.npmjs.org/fs.realpath cache-miss
572 http fetch GET 200 https://registry.npmjs.org/inherits 283ms (cache revalidated)
573 silly packumentCache full:https://registry.npmjs.org/inherits set size:12925 disposed:false
574 silly fetch manifest path-is-absolute@^1.0.0
575 silly packumentCache full:https://registry.npmjs.org/path-is-absolute cache-miss
576 http fetch GET 200 https://registry.npmjs.org/fs.realpath 306ms (cache revalidated)
577 silly packumentCache full:https://registry.npmjs.org/fs.realpath set size:4806 disposed:false
578 silly fetch manifest braces@^3.0.3
579 silly packumentCache full:https://registry.npmjs.org/braces cache-miss
580 http fetch GET 200 https://registry.npmjs.org/minimatch 333ms (cache revalidated)
581 silly packumentCache full:https://registry.npmjs.org/minimatch set size:398328 disposed:false
582 silly fetch manifest picomatch@^2.3.1
583 silly packumentCache full:https://registry.npmjs.org/picomatch cache-miss
584 http fetch GET 200 https://registry.npmjs.org/path-is-absolute 310ms (cache revalidated)
585 silly packumentCache full:https://registry.npmjs.org/path-is-absolute set size:8253 disposed:false
586 http fetch GET 200 https://registry.npmjs.org/braces 124ms (cache revalidated)
587 silly packumentCache full:https://registry.npmjs.org/braces set size:114529 disposed:false
588 http fetch GET 200 https://registry.npmjs.org/picomatch 146ms (cache revalidated)
589 silly packumentCache full:https://registry.npmjs.org/picomatch set size:116191 disposed:false
590 silly placeDep node_modules/vercel detect-libc@2.0.3 OK for: @mapbox/node-pre-gyp@1.0.11 want: ^2.0.0
591 silly placeDep node_modules/vercel https-proxy-agent@5.0.1 OK for: @mapbox/node-pre-gyp@1.0.11 want: ^5.0.0
592 silly placeDep node_modules/vercel make-dir@3.1.0 OK for: @mapbox/node-pre-gyp@1.0.11 want: ^3.1.0
593 silly placeDep node_modules/vercel nopt@5.0.0 OK for: @mapbox/node-pre-gyp@1.0.11 want: ^5.0.0
594 silly placeDep node_modules/vercel npmlog@5.0.1 OK for: @mapbox/node-pre-gyp@1.0.11 want: ^5.0.1
595 silly placeDep node_modules/vercel rimraf@3.0.2 OK for: @mapbox/node-pre-gyp@1.0.11 want: ^3.0.2
596 silly placeDep node_modules/vercel/node_modules/@mapbox/node-pre-gyp tar@6.2.1 OK for: @mapbox/node-pre-gyp@1.0.11 want: ^6.1.11
597 silly fetch manifest agent-base@6
598 silly packumentCache full:https://registry.npmjs.org/agent-base cache-miss
599 silly fetch manifest semver@^6.0.0
600 silly packumentCache full:https://registry.npmjs.org/semver cache-hit
601 silly fetch manifest abbrev@1
602 silly packumentCache full:https://registry.npmjs.org/abbrev cache-miss
603 silly fetch manifest gauge@^3.0.0
604 silly packumentCache full:https://registry.npmjs.org/gauge cache-miss
605 http fetch GET 200 https://registry.npmjs.org/abbrev 374ms (cache miss)
606 silly packumentCache full:https://registry.npmjs.org/abbrev set size:undefined disposed:false
607 silly fetch manifest set-blocking@^2.0.0
608 silly packumentCache full:https://registry.npmjs.org/set-blocking cache-miss
609 http fetch GET 200 https://registry.npmjs.org/agent-base 391ms (cache miss)
610 silly packumentCache full:https://registry.npmjs.org/agent-base set size:undefined disposed:false
611 silly fetch manifest are-we-there-yet@^2.0.0
612 silly packumentCache full:https://registry.npmjs.org/are-we-there-yet cache-miss
613 http fetch GET 200 https://registry.npmjs.org/gauge 397ms (cache miss)
614 silly packumentCache full:https://registry.npmjs.org/gauge set size:undefined disposed:false
615 silly fetch manifest console-control-strings@^1.1.0
616 silly packumentCache full:https://registry.npmjs.org/console-control-strings cache-miss
617 http fetch GET 200 https://registry.npmjs.org/set-blocking 275ms (cache miss)
618 silly packumentCache full:https://registry.npmjs.org/set-blocking set size:undefined disposed:false
619 silly fetch manifest chownr@^2.0.0
620 silly packumentCache full:https://registry.npmjs.org/chownr cache-miss
621 http fetch GET 200 https://registry.npmjs.org/console-control-strings 389ms (cache miss)
622 silly packumentCache full:https://registry.npmjs.org/console-control-strings set size:undefined disposed:false
623 silly fetch manifest mkdirp@^1.0.3
624 silly packumentCache full:https://registry.npmjs.org/mkdirp cache-miss
625 http fetch GET 200 https://registry.npmjs.org/are-we-there-yet 406ms (cache miss)
626 silly packumentCache full:https://registry.npmjs.org/are-we-there-yet set size:undefined disposed:false
627 silly fetch manifest yallist@^4.0.0
628 silly packumentCache full:https://registry.npmjs.org/yallist cache-miss
629 http fetch GET 200 https://registry.npmjs.org/chownr 212ms (cache revalidated)
630 silly packumentCache full:https://registry.npmjs.org/chownr set size:22157 disposed:false
631 silly fetch manifest minipass@^5.0.0
632 silly packumentCache full:https://registry.npmjs.org/minipass cache-miss
633 http fetch GET 200 https://registry.npmjs.org/yallist 97ms (cache revalidated)
634 silly packumentCache full:https://registry.npmjs.org/yallist set size:34610 disposed:false
635 silly fetch manifest minizlib@^2.1.1
636 silly packumentCache full:https://registry.npmjs.org/minizlib cache-miss
637 http fetch GET 200 https://registry.npmjs.org/mkdirp 150ms (cache revalidated)
638 silly packumentCache full:https://registry.npmjs.org/mkdirp set size:116455 disposed:false
639 silly fetch manifest fs-minipass@^2.0.0
640 silly packumentCache full:https://registry.npmjs.org/fs-minipass cache-miss
641 http fetch GET 200 https://registry.npmjs.org/minipass 93ms (cache revalidated)
642 silly packumentCache full:https://registry.npmjs.org/minipass set size:490195 disposed:false
643 http fetch GET 200 https://registry.npmjs.org/minizlib 72ms (cache revalidated)
644 silly packumentCache full:https://registry.npmjs.org/minizlib set size:57871 disposed:false
645 http fetch GET 200 https://registry.npmjs.org/fs-minipass 94ms (cache revalidated)
646 silly packumentCache full:https://registry.npmjs.org/fs-minipass set size:44606 disposed:false
647 silly placeDep node_modules/vercel picomatch@2.3.1 OK for: @rollup/pluginutils@4.2.1 want: ^2.2.2
648 silly fetch manifest @swc/core@>=1.2.50
649 silly packumentCache full:https://registry.npmjs.org/@swc%2fcore cache-miss
650 http fetch GET 200 https://registry.npmjs.org/@swc%2fcore 808ms (cache miss)
651 silly packumentCache full:https://registry.npmjs.org/@swc%2fcore set size:undefined disposed:false
652 silly fetch manifest @swc/helpers@*
653 silly packumentCache full:https://registry.npmjs.org/@swc%2fhelpers cache-miss
654 http fetch GET 200 https://registry.npmjs.org/@swc%2fhelpers 875ms (cache miss)
655 silly packumentCache full:https://registry.npmjs.org/@swc%2fhelpers set size:undefined disposed:false
656 silly fetch manifest @swc/wasm@>=1.2.50
657 silly packumentCache full:https://registry.npmjs.org/@swc%2fwasm cache-miss
658 http fetch GET 200 https://registry.npmjs.org/@swc%2fwasm 771ms (cache miss)
659 silly packumentCache full:https://registry.npmjs.org/@swc%2fwasm set size:undefined disposed:false
660 silly placeDep node_modules/vercel @edge-runtime/node-utils@2.3.0 OK for: @vercel/node@3.2.15 want: 2.3.0
661 silly placeDep node_modules/vercel @edge-runtime/primitives@4.1.0 OK for: @vercel/node@3.2.15 want: 4.1.0
662 silly placeDep node_modules/vercel @edge-runtime/vm@3.2.0 OK for: @vercel/node@3.2.15 want: 3.2.0
663 silly placeDep node_modules/vercel @types/node@16.18.11 OK for: @vercel/node@3.2.15 want: 16.18.11
664 silly placeDep node_modules/vercel @vercel/error-utils@2.0.2 OK for: @vercel/node@3.2.15 want: 2.0.2
665 silly placeDep node_modules/vercel/node_modules/@vercel/node async-listen@3.0.0 OK for: @vercel/node@3.2.15 want: 3.0.0
666 silly placeDep node_modules/vercel cjs-module-lexer@1.2.3 OK for: @vercel/node@3.2.15 want: 1.2.3
667 silly placeDep node_modules/vercel edge-runtime@2.5.9 OK for: @vercel/node@3.2.15 want: 2.5.9
668 silly placeDep node_modules/vercel es-module-lexer@1.4.1 OK for: @vercel/node@3.2.15 want: 1.4.1
669 silly placeDep node_modules/vercel esbuild@0.14.47 OK for: @vercel/node@3.2.15 want: 0.14.47
670 silly placeDep node_modules/vercel etag@1.8.1 OK for: @vercel/node@3.2.15 want: 1.8.1
671 silly placeDep node_modules/vercel/node_modules/@vercel/node node-fetch@2.6.9 OK for: @vercel/node@3.2.15 want: 2.6.9
672 silly placeDep node_modules/vercel path-to-regexp@6.2.1 OK for: @vercel/node@3.2.15 want: 6.2.1
673 silly placeDep node_modules/vercel ts-node@10.9.1 OK for: @vercel/node@3.2.15 want: 10.9.1
674 silly placeDep node_modules/vercel typescript@4.9.5 OK for: ts-node@10.9.1 want: >=2.7
675 silly placeDep node_modules/vercel undici@5.28.4 OK for: @vercel/node@3.2.15 want: 5.28.4
676 silly fetch manifest mri@1.2.0
677 silly packumentCache full:https://registry.npmjs.org/mri cache-miss
678 silly fetch manifest pretty-ms@7.0.1
679 silly packumentCache full:https://registry.npmjs.org/pretty-ms cache-miss
680 silly fetch manifest time-span@4.0.0
681 silly packumentCache full:https://registry.npmjs.org/time-span cache-miss
682 http fetch GET 200 https://registry.npmjs.org/pretty-ms 422ms (cache miss)
683 silly packumentCache full:https://registry.npmjs.org/pretty-ms set size:undefined disposed:false
684 silly fetch manifest picocolors@1.0.0
685 silly packumentCache full:https://registry.npmjs.org/picocolors cache-miss
686 http fetch GET 200 https://registry.npmjs.org/mri 429ms (cache miss)
687 silly packumentCache full:https://registry.npmjs.org/mri set size:undefined disposed:false
688 silly fetch manifest signal-exit@4.0.2
689 silly packumentCache full:https://registry.npmjs.org/signal-exit cache-hit
690 silly fetch manifest async-listen@3.0.1
691 silly packumentCache full:https://registry.npmjs.org/async-listen cache-hit
692 silly fetch manifest @edge-runtime/format@2.2.1
693 silly packumentCache full:https://registry.npmjs.org/@edge-runtime%2fformat cache-miss
694 http fetch GET 200 https://registry.npmjs.org/time-span 434ms (cache miss)
695 silly packumentCache full:https://registry.npmjs.org/time-span set size:undefined disposed:false
696 silly fetch manifest @edge-runtime/ponyfill@2.4.2
697 silly packumentCache full:https://registry.npmjs.org/@edge-runtime%2fponyfill cache-miss
698 http fetch GET 200 https://registry.npmjs.org/picocolors 337ms (cache miss)
699 silly packumentCache full:https://registry.npmjs.org/picocolors set size:undefined disposed:false
700 silly fetch manifest esbuild-linux-32@0.14.47
701 silly packumentCache full:https://registry.npmjs.org/esbuild-linux-32 cache-miss
702 http fetch GET 200 https://registry.npmjs.org/esbuild-linux-32 389ms (cache miss)
703 silly packumentCache full:https://registry.npmjs.org/esbuild-linux-32 set size:undefined disposed:false
704 silly fetch manifest esbuild-linux-64@0.14.47
705 silly packumentCache full:https://registry.npmjs.org/esbuild-linux-64 cache-miss
706 http fetch GET 200 https://registry.npmjs.org/@edge-runtime%2fponyfill 727ms (cache miss)
707 silly packumentCache full:https://registry.npmjs.org/@edge-runtime%2fponyfill set size:undefined disposed:false
708 silly fetch manifest esbuild-sunos-64@0.14.47
709 silly packumentCache full:https://registry.npmjs.org/esbuild-sunos-64 cache-miss
710 http fetch GET 200 https://registry.npmjs.org/@edge-runtime%2fformat 767ms (cache miss)
711 silly packumentCache full:https://registry.npmjs.org/@edge-runtime%2fformat set size:undefined disposed:false
712 silly fetch manifest esbuild-darwin-64@0.14.47
713 silly packumentCache full:https://registry.npmjs.org/esbuild-darwin-64 cache-miss
714 http fetch GET 200 https://registry.npmjs.org/esbuild-sunos-64 283ms (cache miss)
715 silly packumentCache full:https://registry.npmjs.org/esbuild-sunos-64 set size:undefined disposed:false
716 silly fetch manifest esbuild-linux-arm@0.14.47
717 silly packumentCache full:https://registry.npmjs.org/esbuild-linux-arm cache-miss
718 http fetch GET 200 https://registry.npmjs.org/esbuild-linux-64 344ms (cache miss)
719 silly packumentCache full:https://registry.npmjs.org/esbuild-linux-64 set size:undefined disposed:false
720 silly fetch manifest esbuild-netbsd-64@0.14.47
721 silly packumentCache full:https://registry.npmjs.org/esbuild-netbsd-64 cache-miss
722 http fetch GET 200 https://registry.npmjs.org/esbuild-darwin-64 394ms (cache miss)
723 silly packumentCache full:https://registry.npmjs.org/esbuild-darwin-64 set size:undefined disposed:false
724 silly fetch manifest esbuild-android-64@0.14.47
725 silly packumentCache full:https://registry.npmjs.org/esbuild-android-64 cache-miss
726 http fetch GET 200 https://registry.npmjs.org/esbuild-linux-arm 333ms (cache miss)
727 silly packumentCache full:https://registry.npmjs.org/esbuild-linux-arm set size:undefined disposed:false
728 silly fetch manifest esbuild-freebsd-64@0.14.47
729 silly packumentCache full:https://registry.npmjs.org/esbuild-freebsd-64 cache-miss
730 http fetch GET 200 https://registry.npmjs.org/esbuild-netbsd-64 291ms (cache miss)
731 silly packumentCache full:https://registry.npmjs.org/esbuild-netbsd-64 set size:undefined disposed:false
732 silly fetch manifest esbuild-openbsd-64@0.14.47
733 silly packumentCache full:https://registry.npmjs.org/esbuild-openbsd-64 cache-miss
734 http fetch GET 200 https://registry.npmjs.org/esbuild-android-64 348ms (cache miss)
735 silly packumentCache full:https://registry.npmjs.org/esbuild-android-64 set size:undefined disposed:false
736 silly fetch manifest esbuild-windows-32@0.14.47
737 silly packumentCache full:https://registry.npmjs.org/esbuild-windows-32 cache-miss
738 http fetch GET 200 https://registry.npmjs.org/esbuild-openbsd-64 277ms (cache miss)
739 silly packumentCache full:https://registry.npmjs.org/esbuild-openbsd-64 set size:undefined disposed:false
740 silly fetch manifest esbuild-windows-64@0.14.47
741 silly packumentCache full:https://registry.npmjs.org/esbuild-windows-64 cache-miss
742 http fetch GET 200 https://registry.npmjs.org/esbuild-freebsd-64 319ms (cache miss)
743 silly packumentCache full:https://registry.npmjs.org/esbuild-freebsd-64 set size:undefined disposed:false
744 silly fetch manifest esbuild-linux-arm64@0.14.47
745 silly packumentCache full:https://registry.npmjs.org/esbuild-linux-arm64 cache-miss
746 http fetch GET 200 https://registry.npmjs.org/esbuild-windows-32 481ms (cache miss)
747 silly packumentCache full:https://registry.npmjs.org/esbuild-windows-32 set size:undefined disposed:false
748 silly fetch manifest esbuild-linux-s390x@0.14.47
749 silly packumentCache full:https://registry.npmjs.org/esbuild-linux-s390x cache-miss
750 http fetch GET 200 https://registry.npmjs.org/esbuild-linux-s390x 302ms (cache miss)
751 silly packumentCache full:https://registry.npmjs.org/esbuild-linux-s390x set size:undefined disposed:false
752 silly fetch manifest esbuild-darwin-arm64@0.14.47
753 silly packumentCache full:https://registry.npmjs.org/esbuild-darwin-arm64 cache-miss
754 http fetch GET 200 https://registry.npmjs.org/esbuild-linux-arm64 717ms (cache miss)
755 silly packumentCache full:https://registry.npmjs.org/esbuild-linux-arm64 set size:undefined disposed:false
756 silly fetch manifest esbuild-android-arm64@0.14.47
757 silly packumentCache full:https://registry.npmjs.org/esbuild-android-arm64 cache-miss
758 http fetch GET 200 https://registry.npmjs.org/esbuild-windows-64 821ms (cache miss)
759 silly packumentCache full:https://registry.npmjs.org/esbuild-windows-64 set size:undefined disposed:false
760 silly fetch manifest esbuild-freebsd-arm64@0.14.47
761 silly packumentCache full:https://registry.npmjs.org/esbuild-freebsd-arm64 cache-miss
762 http fetch GET 200 https://registry.npmjs.org/esbuild-darwin-arm64 330ms (cache miss)
763 silly packumentCache full:https://registry.npmjs.org/esbuild-darwin-arm64 set size:undefined disposed:false
764 silly fetch manifest esbuild-linux-ppc64le@0.14.47
765 silly packumentCache full:https://registry.npmjs.org/esbuild-linux-ppc64le cache-miss
766 http fetch GET 200 https://registry.npmjs.org/esbuild-android-arm64 281ms (cache miss)
767 silly packumentCache full:https://registry.npmjs.org/esbuild-android-arm64 set size:undefined disposed:false
768 silly fetch manifest esbuild-linux-riscv64@0.14.47
769 silly packumentCache full:https://registry.npmjs.org/esbuild-linux-riscv64 cache-miss
770 http fetch GET 200 https://registry.npmjs.org/esbuild-freebsd-arm64 299ms (cache miss)
771 silly packumentCache full:https://registry.npmjs.org/esbuild-freebsd-arm64 set size:undefined disposed:false
772 silly fetch manifest esbuild-windows-arm64@0.14.47
773 silly packumentCache full:https://registry.npmjs.org/esbuild-windows-arm64 cache-miss
774 http fetch GET 200 https://registry.npmjs.org/esbuild-linux-riscv64 310ms (cache miss)
775 silly packumentCache full:https://registry.npmjs.org/esbuild-linux-riscv64 set size:undefined disposed:false
776 silly fetch manifest esbuild-linux-mips64le@0.14.47
777 silly packumentCache full:https://registry.npmjs.org/esbuild-linux-mips64le cache-miss
778 http fetch GET 200 https://registry.npmjs.org/esbuild-linux-ppc64le 401ms (cache miss)
779 silly packumentCache full:https://registry.npmjs.org/esbuild-linux-ppc64le set size:undefined disposed:false
780 silly fetch manifest yn@3.1.1
781 silly packumentCache full:https://registry.npmjs.org/yn cache-miss
782 http fetch GET 200 https://registry.npmjs.org/esbuild-windows-arm64 287ms (cache miss)
783 silly packumentCache full:https://registry.npmjs.org/esbuild-windows-arm64 set size:undefined disposed:false
784 silly fetch manifest arg@^4.1.0
785 silly packumentCache full:https://registry.npmjs.org/arg cache-miss
786 http fetch GET 200 https://registry.npmjs.org/arg 163ms (cache revalidated)
787 silly packumentCache full:https://registry.npmjs.org/arg set size:67253 disposed:false
788 silly fetch manifest diff@^4.0.1
789 silly packumentCache full:https://registry.npmjs.org/diff cache-miss
790 http fetch GET 200 https://registry.npmjs.org/yn 277ms (cache miss)
791 silly packumentCache full:https://registry.npmjs.org/yn set size:undefined disposed:false
792 silly fetch manifest acorn-walk@^8.1.1
793 silly packumentCache full:https://registry.npmjs.org/acorn-walk cache-miss
794 http fetch GET 200 https://registry.npmjs.org/esbuild-linux-mips64le 348ms (cache miss)
795 silly packumentCache full:https://registry.npmjs.org/esbuild-linux-mips64le set size:undefined disposed:false
796 silly fetch manifest make-error@^1.1.1
797 silly packumentCache full:https://registry.npmjs.org/make-error cache-miss
798 http fetch GET 200 https://registry.npmjs.org/diff 305ms (cache miss)
799 silly packumentCache full:https://registry.npmjs.org/diff set size:undefined disposed:false
800 silly fetch manifest create-require@^1.1.0
801 silly packumentCache full:https://registry.npmjs.org/create-require cache-miss
802 http fetch GET 200 https://registry.npmjs.org/acorn-walk 285ms (cache miss)
803 silly packumentCache full:https://registry.npmjs.org/acorn-walk set size:undefined disposed:false
804 silly fetch manifest @tsconfig/node10@^1.0.7
805 silly packumentCache full:https://registry.npmjs.org/@tsconfig%2fnode10 cache-miss
806 http fetch GET 200 https://registry.npmjs.org/create-require 311ms (cache miss)
807 silly packumentCache full:https://registry.npmjs.org/create-require set size:undefined disposed:false
808 silly fetch manifest @tsconfig/node12@^1.0.7
809 silly packumentCache full:https://registry.npmjs.org/@tsconfig%2fnode12 cache-miss
810 http fetch GET 200 https://registry.npmjs.org/make-error 520ms (cache miss)
811 silly packumentCache full:https://registry.npmjs.org/make-error set size:undefined disposed:false
812 silly fetch manifest @tsconfig/node14@^1.0.0
813 silly packumentCache full:https://registry.npmjs.org/@tsconfig%2fnode14 cache-miss
814 http fetch GET 200 https://registry.npmjs.org/@tsconfig%2fnode10 698ms (cache miss)
815 silly packumentCache full:https://registry.npmjs.org/@tsconfig%2fnode10 set size:undefined disposed:false
816 silly fetch manifest @tsconfig/node16@^1.0.2
817 silly packumentCache full:https://registry.npmjs.org/@tsconfig%2fnode16 cache-miss
818 http fetch GET 200 https://registry.npmjs.org/@tsconfig%2fnode12 726ms (cache miss)
819 silly packumentCache full:https://registry.npmjs.org/@tsconfig%2fnode12 set size:undefined disposed:false
820 silly fetch manifest v8-compile-cache-lib@^3.0.1
821 silly packumentCache full:https://registry.npmjs.org/v8-compile-cache-lib cache-miss
822 http fetch GET 200 https://registry.npmjs.org/@tsconfig%2fnode14 748ms (cache miss)
823 silly packumentCache full:https://registry.npmjs.org/@tsconfig%2fnode14 set size:undefined disposed:false
824 silly fetch manifest @cspotcode/source-map-support@^0.8.0
825 silly packumentCache full:https://registry.npmjs.org/@cspotcode%2fsource-map-support cache-miss
826 http fetch GET 200 https://registry.npmjs.org/v8-compile-cache-lib 339ms (cache miss)
827 silly packumentCache full:https://registry.npmjs.org/v8-compile-cache-lib set size:undefined disposed:false
828 silly fetch manifest @fastify/busboy@^2.0.0
829 silly packumentCache full:https://registry.npmjs.org/@fastify%2fbusboy cache-miss
830 http fetch GET 200 https://registry.npmjs.org/@tsconfig%2fnode16 717ms (cache miss)
831 silly packumentCache full:https://registry.npmjs.org/@tsconfig%2fnode16 set size:undefined disposed:false
832 http fetch GET 200 https://registry.npmjs.org/@cspotcode%2fsource-map-support 695ms (cache miss)
833 silly packumentCache full:https://registry.npmjs.org/@cspotcode%2fsource-map-support set size:undefined disposed:false
834 http fetch GET 200 https://registry.npmjs.org/@fastify%2fbusboy 712ms (cache miss)
835 silly packumentCache full:https://registry.npmjs.org/@fastify%2fbusboy set size:undefined disposed:false
836 silly placeDep node_modules/vercel @vercel/routing-utils@3.1.0 OK for: @vercel/redwood@2.1.5 want: 3.1.0
837 silly placeDep node_modules/vercel/node_modules/@vercel/redwood semver@6.3.1 OK for: @vercel/redwood@2.1.5 want: 6.3.1
838 silly fetch manifest path-to-regexp@6.1.0
839 silly packumentCache full:https://registry.npmjs.org/path-to-regexp cache-hit
840 silly fetch manifest ajv@^6.0.0
841 silly packumentCache full:https://registry.npmjs.org/ajv cache-miss
842 http fetch GET 200 https://registry.npmjs.org/ajv 138ms (cache revalidated)
843 silly packumentCache full:https://registry.npmjs.org/ajv set size:1126072 disposed:false
844 silly placeDep node_modules/vercel ajv@6.12.6 OK for: @vercel/routing-utils@3.1.0 want: ^6.0.0
845 silly placeDep node_modules/vercel/node_modules/@vercel/routing-utils path-to-regexp@6.1.0 OK for: @vercel/routing-utils@3.1.0 want: 6.1.0
846 silly fetch manifest uri-js@^4.2.2
847 silly packumentCache full:https://registry.npmjs.org/uri-js cache-miss
848 silly fetch manifest fast-deep-equal@^3.1.1
849 silly packumentCache full:https://registry.npmjs.org/fast-deep-equal cache-miss
850 silly fetch manifest json-schema-traverse@^0.4.1
851 silly packumentCache full:https://registry.npmjs.org/json-schema-traverse cache-miss
852 http fetch GET 200 https://registry.npmjs.org/fast-deep-equal 360ms (cache revalidated)
853 silly packumentCache full:https://registry.npmjs.org/fast-deep-equal set size:48634 disposed:false
854 silly fetch manifest fast-json-stable-stringify@^2.0.0
855 silly packumentCache full:https://registry.npmjs.org/fast-json-stable-stringify cache-miss
856 http fetch GET 200 https://registry.npmjs.org/uri-js 368ms (cache revalidated)
857 silly packumentCache full:https://registry.npmjs.org/uri-js set size:42559 disposed:false
858 http fetch GET 200 https://registry.npmjs.org/json-schema-traverse 375ms (cache revalidated)
859 silly packumentCache full:https://registry.npmjs.org/json-schema-traverse set size:23537 disposed:false
860 http fetch GET 200 https://registry.npmjs.org/fast-json-stable-stringify 401ms (cache miss)
861 silly packumentCache full:https://registry.npmjs.org/fast-json-stable-stringify set size:undefined disposed:false
862 silly placeDep node_modules/vercel @vercel/gatsby-plugin-vercel-analytics@1.0.11 OK for: @vercel/static-build@2.5.25 want: 1.0.11
863 silly placeDep node_modules/vercel @vercel/gatsby-plugin-vercel-builder@2.0.47 OK for: @vercel/static-build@2.5.25 want: 2.0.47
864 silly fetch manifest web-vitals@0.2.4
865 silly packumentCache full:https://registry.npmjs.org/web-vitals cache-miss
866 silly fetch manifest fs-extra@11.1.0
867 silly packumentCache full:https://registry.npmjs.org/fs-extra cache-hit
868 silly fetch manifest @sinclair/typebox@0.25.24
869 silly packumentCache full:https://registry.npmjs.org/@sinclair%2ftypebox cache-miss
870 http fetch GET 200 https://registry.npmjs.org/web-vitals 325ms (cache miss)
871 silly packumentCache full:https://registry.npmjs.org/web-vitals set size:undefined disposed:false
872 http fetch GET 200 https://registry.npmjs.org/@sinclair%2ftypebox 770ms (cache miss)
873 silly packumentCache full:https://registry.npmjs.org/@sinclair%2ftypebox set size:undefined disposed:false
874 silly placeDep node_modules/vercel web-vitals@0.2.4 OK for: @vercel/gatsby-plugin-vercel-analytics@1.0.11 want: 0.2.4
875 silly placeDep node_modules/vercel @sinclair/typebox@0.25.24 OK for: @vercel/gatsby-plugin-vercel-builder@2.0.47 want: 0.25.24
876 silly placeDep node_modules/vercel/node_modules/@vercel/gatsby-plugin-vercel-builder fs-extra@11.1.0 OK for: @vercel/gatsby-plugin-vercel-builder@2.0.47 want: 11.1.0
877 silly fetch manifest jsonfile@^6.0.1
878 silly packumentCache full:https://registry.npmjs.org/jsonfile cache-hit
879 silly fetch manifest universalify@^2.0.0
880 silly packumentCache full:https://registry.npmjs.org/universalify cache-hit
881 silly placeDep node_modules/vercel/node_modules/@vercel/static-config ajv@8.6.3 OK for: @vercel/static-config@3.0.0 want: 8.6.3
882 silly placeDep node_modules/vercel json-schema-to-ts@1.6.4 OK for: @vercel/static-config@3.0.0 want: 1.6.4
883 silly fetch manifest require-from-string@^2.0.2
884 silly packumentCache full:https://registry.npmjs.org/require-from-string cache-miss
885 silly fetch manifest json-schema-traverse@^1.0.0
886 silly packumentCache full:https://registry.npmjs.org/json-schema-traverse cache-hit
887 silly fetch manifest ts-toolbelt@^6.15.5
888 silly packumentCache full:https://registry.npmjs.org/ts-toolbelt cache-miss
889 silly fetch manifest @types/json-schema@^7.0.6
890 silly packumentCache full:https://registry.npmjs.org/@types%2fjson-schema cache-miss
891 http fetch GET 200 https://registry.npmjs.org/require-from-string 379ms (cache revalidated)
892 silly packumentCache full:https://registry.npmjs.org/require-from-string set size:15128 disposed:false
893 http fetch GET 200 https://registry.npmjs.org/@types%2fjson-schema 520ms (cache miss)
894 silly packumentCache full:https://registry.npmjs.org/@types%2fjson-schema set size:undefined disposed:false
895 http fetch GET 200 https://registry.npmjs.org/ts-toolbelt 558ms (cache miss)
896 silly packumentCache full:https://registry.npmjs.org/ts-toolbelt set size:undefined disposed:false
897 silly placeDep node_modules/vercel fast-deep-equal@3.1.3 OK for: ajv@6.12.6 want: ^3.1.1
898 silly placeDep node_modules/vercel fast-json-stable-stringify@2.1.0 OK for: ajv@6.12.6 want: ^2.0.0
899 silly placeDep node_modules/vercel json-schema-traverse@0.4.1 OK for: ajv@6.12.6 want: ^0.4.1
900 silly placeDep node_modules/vercel uri-js@4.4.1 OK for: ajv@6.12.6 want: ^4.2.2
901 silly fetch manifest punycode@^2.1.0
902 silly packumentCache full:https://registry.npmjs.org/punycode cache-miss
903 http fetch GET 200 https://registry.npmjs.org/punycode 450ms (cache revalidated)
904 silly packumentCache full:https://registry.npmjs.org/punycode set size:61302 disposed:false
905 silly placeDep node_modules/vercel file-uri-to-path@1.0.0 OK for: bindings@1.5.0 want: 1.0.0
906 silly placeDep node_modules/vercel anymatch@3.1.3 OK for: chokidar@3.3.1 want: ~3.1.1
907 silly placeDep node_modules/vercel braces@3.0.3 OK for: chokidar@3.3.1 want: ~3.0.2
908 silly placeDep node_modules/vercel fsevents@2.1.3 OK for: chokidar@3.3.1 want: ~2.1.2
909 silly placeDep node_modules/vercel glob-parent@5.1.2 OK for: chokidar@3.3.1 want: ~5.1.0
910 silly placeDep node_modules/vercel is-binary-path@2.1.0 OK for: chokidar@3.3.1 want: ~2.1.0
911 silly placeDep node_modules/vercel is-glob@4.0.3 OK for: chokidar@3.3.1 want: ~4.0.1
912 silly placeDep node_modules/vercel normalize-path@3.0.0 OK for: chokidar@3.3.1 want: ~3.0.0
913 silly placeDep node_modules/vercel readdirp@3.3.0 OK for: chokidar@3.3.1 want: ~3.3.0
914 silly fetch manifest normalize-path@^3.0.0
915 silly packumentCache full:https://registry.npmjs.org/normalize-path cache-miss
916 silly fetch manifest fill-range@^7.1.1
917 silly packumentCache full:https://registry.npmjs.org/fill-range cache-miss
918 silly fetch manifest is-glob@^4.0.1
919 silly packumentCache full:https://registry.npmjs.org/is-glob cache-miss
920 http fetch GET 200 https://registry.npmjs.org/normalize-path 85ms (cache revalidated)
921 silly packumentCache full:https://registry.npmjs.org/normalize-path set size:28713 disposed:false
922 silly fetch manifest binary-extensions@^2.0.0
923 silly packumentCache full:https://registry.npmjs.org/binary-extensions cache-miss
924 http fetch GET 200 https://registry.npmjs.org/is-glob 113ms (cache revalidated)
925 silly packumentCache full:https://registry.npmjs.org/is-glob set size:40530 disposed:false
926 silly fetch manifest is-extglob@^2.1.1
927 silly packumentCache full:https://registry.npmjs.org/is-extglob cache-miss
928 http fetch GET 200 https://registry.npmjs.org/fill-range 306ms (cache miss)
929 silly packumentCache full:https://registry.npmjs.org/fill-range set size:undefined disposed:false
930 http fetch GET 200 https://registry.npmjs.org/binary-extensions 280ms (cache miss)
931 silly packumentCache full:https://registry.npmjs.org/binary-extensions set size:undefined disposed:false
932 http fetch GET 200 https://registry.npmjs.org/is-extglob 326ms (cache miss)
933 silly packumentCache full:https://registry.npmjs.org/is-extglob set size:undefined disposed:false
934 silly placeDep node_modules/vercel fill-range@7.1.1 OK for: braces@3.0.3 want: ^7.1.1
935 silly fetch manifest to-regex-range@^5.0.1
936 silly packumentCache full:https://registry.npmjs.org/to-regex-range cache-miss
937 http fetch GET 200 https://registry.npmjs.org/to-regex-range 582ms (cache miss)
938 silly packumentCache full:https://registry.npmjs.org/to-regex-range set size:undefined disposed:false
939 silly placeDep node_modules/vercel @edge-runtime/format@2.2.1 OK for: edge-runtime@2.5.9 want: 2.2.1
940 silly placeDep node_modules/vercel @edge-runtime/ponyfill@2.4.2 OK for: edge-runtime@2.5.9 want: 2.4.2
941 silly placeDep node_modules/vercel/node_modules/edge-runtime async-listen@3.0.1 OK for: edge-runtime@2.5.9 want: 3.0.1
942 silly placeDep node_modules/vercel mri@1.2.0 OK for: edge-runtime@2.5.9 want: 1.2.0
943 silly placeDep node_modules/vercel picocolors@1.0.0 OK for: edge-runtime@2.5.9 want: 1.0.0
944 silly placeDep node_modules/vercel pretty-ms@7.0.1 OK for: edge-runtime@2.5.9 want: 7.0.1
945 silly placeDep node_modules/vercel signal-exit@4.0.2 OK for: edge-runtime@2.5.9 want: 4.0.2
946 silly placeDep node_modules/vercel time-span@4.0.0 OK for: edge-runtime@2.5.9 want: 4.0.0
947 silly fetch manifest parse-ms@^2.1.0
948 silly packumentCache full:https://registry.npmjs.org/parse-ms cache-miss
949 silly fetch manifest convert-hrtime@^3.0.0
950 silly packumentCache full:https://registry.npmjs.org/convert-hrtime cache-miss
951 http fetch GET 200 https://registry.npmjs.org/parse-ms 275ms (cache miss)
952 silly packumentCache full:https://registry.npmjs.org/parse-ms set size:undefined disposed:false
953 http fetch GET 200 https://registry.npmjs.org/convert-hrtime 313ms (cache miss)
954 silly packumentCache full:https://registry.npmjs.org/convert-hrtime set size:undefined disposed:false
955 silly placeDep node_modules/vercel esbuild-android-64@0.14.47 OK for: esbuild@0.14.47 want: 0.14.47
956 silly placeDep node_modules/vercel esbuild-android-arm64@0.14.47 OK for: esbuild@0.14.47 want: 0.14.47
957 silly placeDep node_modules/vercel esbuild-darwin-64@0.14.47 OK for: esbuild@0.14.47 want: 0.14.47
958 silly placeDep node_modules/vercel esbuild-darwin-arm64@0.14.47 OK for: esbuild@0.14.47 want: 0.14.47
959 silly placeDep node_modules/vercel esbuild-freebsd-64@0.14.47 OK for: esbuild@0.14.47 want: 0.14.47
960 silly placeDep node_modules/vercel esbuild-freebsd-arm64@0.14.47 OK for: esbuild@0.14.47 want: 0.14.47
961 silly placeDep node_modules/vercel esbuild-linux-32@0.14.47 OK for: esbuild@0.14.47 want: 0.14.47
962 silly placeDep node_modules/vercel esbuild-linux-64@0.14.47 OK for: esbuild@0.14.47 want: 0.14.47
963 silly placeDep node_modules/vercel esbuild-linux-arm@0.14.47 OK for: esbuild@0.14.47 want: 0.14.47
964 silly placeDep node_modules/vercel esbuild-linux-arm64@0.14.47 OK for: esbuild@0.14.47 want: 0.14.47
965 silly placeDep node_modules/vercel esbuild-linux-mips64le@0.14.47 OK for: esbuild@0.14.47 want: 0.14.47
966 silly placeDep node_modules/vercel esbuild-linux-ppc64le@0.14.47 OK for: esbuild@0.14.47 want: 0.14.47
967 silly placeDep node_modules/vercel esbuild-linux-riscv64@0.14.47 OK for: esbuild@0.14.47 want: 0.14.47
968 silly placeDep node_modules/vercel esbuild-linux-s390x@0.14.47 OK for: esbuild@0.14.47 want: 0.14.47
969 silly placeDep node_modules/vercel esbuild-netbsd-64@0.14.47 OK for: esbuild@0.14.47 want: 0.14.47
970 silly placeDep node_modules/vercel esbuild-openbsd-64@0.14.47 OK for: esbuild@0.14.47 want: 0.14.47
971 silly placeDep node_modules/vercel esbuild-sunos-64@0.14.47 OK for: esbuild@0.14.47 want: 0.14.47
972 silly placeDep node_modules/vercel esbuild-windows-32@0.14.47 OK for: esbuild@0.14.47 want: 0.14.47
973 silly placeDep node_modules/vercel esbuild-windows-64@0.14.47 OK for: esbuild@0.14.47 want: 0.14.47
974 silly placeDep node_modules/vercel esbuild-windows-arm64@0.14.47 OK for: esbuild@0.14.47 want: 0.14.47
975 silly placeDep node_modules/vercel cross-spawn@7.0.3 OK for: execa@3.2.0 want: ^7.0.0
976 silly placeDep node_modules/vercel get-stream@5.2.0 OK for: execa@3.2.0 want: ^5.0.0
977 silly placeDep node_modules/vercel human-signals@1.1.1 OK for: execa@3.2.0 want: ^1.1.1
978 silly placeDep node_modules/vercel is-stream@2.0.1 OK for: execa@3.2.0 want: ^2.0.0
979 silly placeDep node_modules/vercel merge-stream@2.0.0 OK for: execa@3.2.0 want: ^2.0.0
980 silly placeDep node_modules/vercel npm-run-path@4.0.1 OK for: execa@3.2.0 want: ^4.0.0
981 silly placeDep node_modules/vercel onetime@5.1.2 OK for: execa@3.2.0 want: ^5.1.0
982 silly placeDep node_modules/vercel p-finally@2.0.1 OK for: execa@3.2.0 want: ^2.0.0
983 silly placeDep node_modules/vercel/node_modules/execa signal-exit@3.0.7 OK for: execa@3.2.0 want: ^3.0.2
984 silly placeDep node_modules/vercel strip-final-newline@2.0.0 OK for: execa@3.2.0 want: ^2.0.0
985 silly fetch manifest path-key@^3.1.0
986 silly packumentCache full:https://registry.npmjs.org/path-key cache-miss
987 silly fetch manifest shebang-command@^2.0.0
988 silly packumentCache full:https://registry.npmjs.org/shebang-command cache-miss
989 silly fetch manifest which@^2.0.1
990 silly packumentCache full:https://registry.npmjs.org/which cache-miss
991 http fetch GET 200 https://registry.npmjs.org/which 280ms (cache miss)
992 silly packumentCache full:https://registry.npmjs.org/which set size:undefined disposed:false
993 silly fetch manifest pump@^3.0.0
994 silly packumentCache full:https://registry.npmjs.org/pump cache-miss
995 http fetch GET 200 https://registry.npmjs.org/path-key 313ms (cache miss)
996 silly packumentCache full:https://registry.npmjs.org/path-key set size:undefined disposed:false
997 silly fetch manifest path-key@^3.0.0
998 silly packumentCache full:https://registry.npmjs.org/path-key cache-miss
999 http fetch GET 200 https://registry.npmjs.org/shebang-command 381ms (cache miss)
1000 silly packumentCache full:https://registry.npmjs.org/shebang-command set size:undefined disposed:false
1001 silly fetch manifest mimic-fn@^2.1.0
1002 silly packumentCache full:https://registry.npmjs.org/mimic-fn cache-miss
1003 http fetch GET 200 https://registry.npmjs.org/path-key 84ms (cache revalidated)
1004 silly packumentCache full:https://registry.npmjs.org/path-key set size:16975 disposed:false
1005 http fetch GET 200 https://registry.npmjs.org/mimic-fn 315ms (cache revalidated)
1006 silly packumentCache full:https://registry.npmjs.org/mimic-fn set size:22257 disposed:false
1007 http fetch GET 200 https://registry.npmjs.org/pump 721ms (cache miss)
1008 silly packumentCache full:https://registry.npmjs.org/pump set size:undefined disposed:false
1009 silly placeDep node_modules/vercel path-key@3.1.1 OK for: cross-spawn@7.0.3 want: ^3.1.0
1010 silly placeDep node_modules/vercel shebang-command@2.0.0 OK for: cross-spawn@7.0.3 want: ^2.0.0
1011 silly placeDep node_modules/vercel which@2.0.2 OK for: cross-spawn@7.0.3 want: ^2.0.1
1012 silly fetch manifest shebang-regex@^3.0.0
1013 silly packumentCache full:https://registry.npmjs.org/shebang-regex cache-miss
1014 silly fetch manifest isexe@^2.0.0
1015 silly packumentCache full:https://registry.npmjs.org/isexe cache-miss
1016 http fetch GET 200 https://registry.npmjs.org/shebang-regex 288ms (cache miss)
1017 silly packumentCache full:https://registry.npmjs.org/shebang-regex set size:undefined disposed:false
1018 http fetch GET 200 https://registry.npmjs.org/isexe 318ms (cache miss)
1019 silly packumentCache full:https://registry.npmjs.org/isexe set size:undefined disposed:false
1020 silly placeDep node_modules/vercel to-regex-range@5.0.1 OK for: fill-range@7.1.1 want: ^5.0.1
1021 silly fetch manifest is-number@^7.0.0
1022 silly packumentCache full:https://registry.npmjs.org/is-number cache-miss
1023 http fetch GET 200 https://registry.npmjs.org/is-number 292ms (cache miss)
1024 silly packumentCache full:https://registry.npmjs.org/is-number set size:undefined disposed:false
1025 silly placeDep node_modules/vercel jsonfile@4.0.0 OK for: fs-extra@8.1.0 want: ^4.0.0
1026 silly placeDep node_modules/vercel universalify@0.1.2 OK for: fs-extra@8.1.0 want: ^0.1.0
1027 silly placeDep node_modules/vercel pump@3.0.2 OK for: get-stream@5.2.0 want: ^3.0.0
1028 silly fetch manifest end-of-stream@^1.1.0
1029 silly packumentCache full:https://registry.npmjs.org/end-of-stream cache-miss
1030 silly fetch manifest once@^1.3.1
1031 silly packumentCache full:https://registry.npmjs.org/once cache-hit
1032 http fetch GET 200 https://registry.npmjs.org/end-of-stream 74ms (cache revalidated)
1033 silly packumentCache full:https://registry.npmjs.org/end-of-stream set size:26267 disposed:false
1034 silly placeDep node_modules/vercel fs.realpath@1.0.0 OK for: glob@7.2.3 want: ^1.0.0
1035 silly placeDep node_modules/vercel inflight@1.0.6 OK for: glob@7.2.3 want: ^1.0.4
1036 silly placeDep node_modules/vercel inherits@2.0.4 OK for: glob@7.2.3 want: 2
1037 silly placeDep node_modules/vercel minimatch@3.1.2 OK for: glob@7.2.3 want: ^3.1.1
1038 silly placeDep node_modules/vercel once@1.4.0 OK for: glob@7.2.3 want: ^1.3.0
1039 silly placeDep node_modules/vercel path-is-absolute@1.0.1 OK for: glob@7.2.3 want: ^1.0.0
1040 silly fetch manifest wrappy@1
1041 silly packumentCache full:https://registry.npmjs.org/wrappy cache-miss
1042 silly fetch manifest brace-expansion@^1.1.7
1043 silly packumentCache full:https://registry.npmjs.org/brace-expansion cache-miss
1044 silly fetch manifest wrappy@1
1045 silly packumentCache full:https://registry.npmjs.org/wrappy cache-miss
1046 http fetch GET 200 https://registry.npmjs.org/wrappy 325ms (cache revalidated)
1047 silly packumentCache full:https://registry.npmjs.org/wrappy set size:7682 disposed:false
1048 http fetch GET 200 https://registry.npmjs.org/brace-expansion 325ms (cache revalidated)
1049 silly packumentCache full:https://registry.npmjs.org/brace-expansion set size:42345 disposed:false
1050 http fetch GET 200 https://registry.npmjs.org/wrappy 325ms (cache revalidated)
1051 silly packumentCache full:https://registry.npmjs.org/wrappy set size:7682 disposed:false
1052 silly packumentCache full:https://registry.npmjs.org/wrappy dispose
1053 silly placeDep node_modules/vercel agent-base@6.0.2 OK for: https-proxy-agent@5.0.1 want: 6
1054 silly placeDep node_modules/vercel wrappy@1.0.2 OK for: inflight@1.0.6 want: 1
1055 silly placeDep node_modules/vercel binary-extensions@2.3.0 OK for: is-binary-path@2.1.0 want: ^2.0.0
1056 silly placeDep node_modules/vercel is-extglob@2.1.1 OK for: is-glob@4.0.3 want: ^2.1.1
1057 silly placeDep node_modules/vercel @types/json-schema@7.0.15 OK for: json-schema-to-ts@1.6.4 want: ^7.0.6
1058 silly placeDep node_modules/vercel ts-toolbelt@6.15.5 OK for: json-schema-to-ts@1.6.4 want: ^6.15.5
1059 silly placeDep node_modules/vercel/node_modules/make-dir semver@6.3.1 OK for: make-dir@3.1.0 want: ^6.0.0
1060 silly placeDep node_modules/vercel arg@4.1.0 OK for: micro@9.3.5-canary.3 want: 4.1.0
1061 silly placeDep node_modules/vercel content-type@1.0.4 OK for: micro@9.3.5-canary.3 want: 1.0.4
1062 silly placeDep node_modules/vercel raw-body@2.4.1 OK for: micro@9.3.5-canary.3 want: 2.4.1
1063 silly fetch manifest bytes@3.1.0
1064 silly packumentCache full:https://registry.npmjs.org/bytes cache-miss
1065 silly fetch manifest unpipe@1.0.0
1066 silly packumentCache full:https://registry.npmjs.org/unpipe cache-miss
1067 silly fetch manifest iconv-lite@0.4.24
1068 silly packumentCache full:https://registry.npmjs.org/iconv-lite cache-miss
1069 http fetch GET 200 https://registry.npmjs.org/iconv-lite 333ms (cache miss)
1070 silly packumentCache full:https://registry.npmjs.org/iconv-lite set size:undefined disposed:false
1071 silly fetch manifest http-errors@1.7.3
1072 silly packumentCache full:https://registry.npmjs.org/http-errors cache-miss
1073 http fetch GET 200 https://registry.npmjs.org/bytes 347ms (cache miss)
1074 silly packumentCache full:https://registry.npmjs.org/bytes set size:undefined disposed:false
1075 http fetch GET 200 https://registry.npmjs.org/unpipe 350ms (cache miss)
1076 silly packumentCache full:https://registry.npmjs.org/unpipe set size:undefined disposed:false
1077 http fetch GET 200 https://registry.npmjs.org/http-errors 92ms (cache revalidated)
1078 silly packumentCache full:https://registry.npmjs.org/http-errors set size:69476 disposed:false
1079 silly placeDep node_modules/vercel brace-expansion@1.1.11 OK for: minimatch@3.1.2 want: ^1.1.7
1080 silly fetch manifest balanced-match@^1.0.0
1081 silly packumentCache full:https://registry.npmjs.org/balanced-match cache-miss
1082 silly fetch manifest concat-map@0.0.1
1083 silly packumentCache full:https://registry.npmjs.org/concat-map cache-miss
1084 http fetch GET 200 https://registry.npmjs.org/concat-map 419ms (cache revalidated)
1085 silly packumentCache full:https://registry.npmjs.org/concat-map set size:9290 disposed:false
1086 http fetch GET 200 https://registry.npmjs.org/balanced-match 426ms (cache revalidated)
1087 silly packumentCache full:https://registry.npmjs.org/balanced-match set size:33860 disposed:false
1088 silly placeDep node_modules/vercel balanced-match@1.0.2 OK for: brace-expansion@1.1.11 want: ^1.0.0
1089 silly placeDep node_modules/vercel concat-map@0.0.1 OK for: brace-expansion@1.1.11 want: 0.0.1
1090 silly placeDep node_modules/vercel whatwg-url@5.0.0 OK for: node-fetch@2.6.7 want: ^5.0.0
1091 silly fetch manifest tr46@~0.0.3
1092 silly packumentCache full:https://registry.npmjs.org/tr46 cache-miss
1093 silly fetch manifest webidl-conversions@^3.0.0
1094 silly packumentCache full:https://registry.npmjs.org/webidl-conversions cache-miss
1095 http fetch GET 200 https://registry.npmjs.org/tr46 322ms (cache miss)
1096 silly packumentCache full:https://registry.npmjs.org/tr46 set size:undefined disposed:false
1097 http fetch GET 200 https://registry.npmjs.org/webidl-conversions 326ms (cache miss)
1098 silly packumentCache full:https://registry.npmjs.org/webidl-conversions set size:undefined disposed:false
1099 silly placeDep node_modules/vercel abbrev@1.1.1 OK for: nopt@5.0.0 want: 1
1100 silly placeDep node_modules/vercel are-we-there-yet@2.0.0 OK for: npmlog@5.0.1 want: ^2.0.0
1101 silly placeDep node_modules/vercel console-control-strings@1.1.0 OK for: npmlog@5.0.1 want: ^1.1.0
1102 silly placeDep node_modules/vercel gauge@3.0.2 OK for: npmlog@5.0.1 want: ^3.0.0
1103 silly placeDep node_modules/vercel set-blocking@2.0.0 OK for: npmlog@5.0.1 want: ^2.0.0
1104 silly fetch manifest delegates@^1.0.0
1105 silly packumentCache full:https://registry.npmjs.org/delegates cache-miss
1106 silly fetch manifest readable-stream@^3.6.0
1107 silly packumentCache full:https://registry.npmjs.org/readable-stream cache-miss
1108 silly fetch manifest aproba@^1.0.3 || ^2.0.0
1109 silly packumentCache full:https://registry.npmjs.org/aproba cache-miss
1110 http fetch GET 200 https://registry.npmjs.org/aproba 288ms (cache miss)
1111 silly packumentCache full:https://registry.npmjs.org/aproba set size:undefined disposed:false
1112 silly fetch manifest strip-ansi@^6.0.1
1113 silly packumentCache full:https://registry.npmjs.org/strip-ansi cache-miss
1114 http fetch GET 200 https://registry.npmjs.org/readable-stream 352ms (cache revalidated)
1115 silly packumentCache full:https://registry.npmjs.org/readable-stream set size:272167 disposed:false
1116 silly fetch manifest wide-align@^1.1.2
1117 silly packumentCache full:https://registry.npmjs.org/wide-align cache-miss
1118 http fetch GET 200 https://registry.npmjs.org/wide-align 529ms (cache miss)
1119 silly packumentCache full:https://registry.npmjs.org/wide-align set size:undefined disposed:false
1120 silly fetch manifest has-unicode@^2.0.1
1121 silly packumentCache full:https://registry.npmjs.org/has-unicode cache-miss
1122 http fetch GET 200 https://registry.npmjs.org/delegates 908ms (cache miss)
1123 silly packumentCache full:https://registry.npmjs.org/delegates set size:undefined disposed:false
1124 silly fetch manifest signal-exit@^3.0.0
1125 silly packumentCache full:https://registry.npmjs.org/signal-exit cache-hit
1126 silly fetch manifest string-width@^4.2.3
1127 silly packumentCache full:https://registry.npmjs.org/string-width cache-miss
1128 http fetch GET 200 https://registry.npmjs.org/strip-ansi 621ms (cache revalidated)
1129 silly packumentCache full:https://registry.npmjs.org/strip-ansi set size:43180 disposed:false
1130 silly fetch manifest color-support@^1.1.2
1131 silly packumentCache full:https://registry.npmjs.org/color-support cache-miss
1132 http fetch GET 200 https://registry.npmjs.org/color-support 271ms (cache miss)
1133 silly packumentCache full:https://registry.npmjs.org/color-support set size:undefined disposed:false
1134 silly fetch manifest object-assign@^4.1.1
1135 silly packumentCache full:https://registry.npmjs.org/object-assign cache-miss
1136 http fetch GET 200 https://registry.npmjs.org/has-unicode 295ms (cache miss)
1137 silly packumentCache full:https://registry.npmjs.org/has-unicode set size:undefined disposed:false
1138 http fetch GET 200 https://registry.npmjs.org/string-width 307ms (cache miss)
1139 silly packumentCache full:https://registry.npmjs.org/string-width set size:undefined disposed:false
1140 http fetch GET 200 https://registry.npmjs.org/object-assign 302ms (cache revalidated)
1141 silly packumentCache full:https://registry.npmjs.org/object-assign set size:29002 disposed:false
1142 silly placeDep node_modules/vercel delegates@1.0.0 OK for: are-we-there-yet@2.0.0 want: ^1.0.0
1143 silly placeDep node_modules/vercel readable-stream@3.6.2 OK for: are-we-there-yet@2.0.0 want: ^3.6.0
1144 silly fetch manifest string_decoder@^1.1.1
1145 silly packumentCache full:https://registry.npmjs.org/string_decoder cache-miss
1146 silly fetch manifest util-deprecate@^1.0.1
1147 silly packumentCache full:https://registry.npmjs.org/util-deprecate cache-miss
1148 http fetch GET 200 https://registry.npmjs.org/util-deprecate 348ms (cache revalidated)
1149 silly packumentCache full:https://registry.npmjs.org/util-deprecate set size:6674 disposed:false
1150 http fetch GET 200 https://registry.npmjs.org/string_decoder 352ms (cache revalidated)
1151 silly packumentCache full:https://registry.npmjs.org/string_decoder set size:28441 disposed:false
1152 silly placeDep node_modules/vercel aproba@2.0.0 OK for: gauge@3.0.2 want: ^1.0.3 || ^2.0.0
1153 silly placeDep node_modules/vercel color-support@1.1.3 OK for: gauge@3.0.2 want: ^1.1.2
1154 silly placeDep node_modules/vercel has-unicode@2.0.1 OK for: gauge@3.0.2 want: ^2.0.1
1155 silly placeDep node_modules/vercel object-assign@4.1.1 OK for: gauge@3.0.2 want: ^4.1.1
1156 silly placeDep node_modules/vercel/node_modules/gauge signal-exit@3.0.7 OK for: gauge@3.0.2 want: ^3.0.0
1157 silly placeDep node_modules/vercel string-width@4.2.3 OK for: gauge@3.0.2 want: ^4.2.3
1158 silly placeDep node_modules/vercel strip-ansi@6.0.1 OK for: gauge@3.0.2 want: ^6.0.1
1159 silly placeDep node_modules/vercel wide-align@1.1.5 OK for: gauge@3.0.2 want: ^1.1.2
1160 silly fetch manifest emoji-regex@^8.0.0
1161 silly packumentCache full:https://registry.npmjs.org/emoji-regex cache-miss
1162 silly fetch manifest is-fullwidth-code-point@^3.0.0
1163 silly packumentCache full:https://registry.npmjs.org/is-fullwidth-code-point cache-miss
1164 silly fetch manifest ansi-regex@^5.0.1
1165 silly packumentCache full:https://registry.npmjs.org/ansi-regex cache-miss
1166 http fetch GET 200 https://registry.npmjs.org/is-fullwidth-code-point 368ms (cache miss)
1167 silly packumentCache full:https://registry.npmjs.org/is-fullwidth-code-point set size:undefined disposed:false
1168 http fetch GET 200 https://registry.npmjs.org/emoji-regex 374ms (cache miss)
1169 silly packumentCache full:https://registry.npmjs.org/emoji-regex set size:undefined disposed:false
1170 http fetch GET 200 https://registry.npmjs.org/ansi-regex 429ms (cache revalidated)
1171 silly packumentCache full:https://registry.npmjs.org/ansi-regex set size:41869 disposed:false
1172 silly placeDep node_modules/vercel mimic-fn@2.1.0 OK for: onetime@5.1.2 want: ^2.1.0
1173 silly placeDep node_modules/vercel http-errors@1.4.0 OK for: path-match@1.2.4 want: ~1.4.0
1174 silly placeDep node_modules/vercel/node_modules/path-match path-to-regexp@1.9.0 OK for: path-match@1.2.4 want: ^1.0.0
1175 silly fetch manifest inherits@2.0.1
1176 silly packumentCache full:https://registry.npmjs.org/inherits cache-hit
1177 silly fetch manifest statuses@>= 1.2.1 < 2
1178 silly packumentCache full:https://registry.npmjs.org/statuses cache-miss
1179 silly fetch manifest isarray@0.0.1
1180 silly packumentCache full:https://registry.npmjs.org/isarray cache-miss
1181 http fetch GET 200 https://registry.npmjs.org/isarray 260ms (cache miss)
1182 silly packumentCache full:https://registry.npmjs.org/isarray set size:undefined disposed:false
1183 http fetch GET 200 https://registry.npmjs.org/statuses 278ms (cache miss)
1184 silly packumentCache full:https://registry.npmjs.org/statuses set size:undefined disposed:false
1185 silly placeDep node_modules/vercel/node_modules/http-errors inherits@2.0.1 OK for: http-errors@1.4.0 want: 2.0.1
1186 silly placeDep node_modules/vercel statuses@1.5.0 OK for: http-errors@1.4.0 want: >= 1.2.1 < 2
1187 silly placeDep node_modules/vercel parse-ms@2.1.0 OK for: pretty-ms@7.0.1 want: ^2.1.0
1188 silly placeDep node_modules/vercel end-of-stream@1.4.4 OK for: pump@3.0.2 want: ^1.1.0
1189 silly placeDep node_modules/vercel bytes@3.1.0 OK for: raw-body@2.4.1 want: 3.1.0
1190 silly placeDep node_modules/vercel/node_modules/raw-body http-errors@1.7.3 OK for: raw-body@2.4.1 want: 1.7.3
1191 silly placeDep node_modules/vercel iconv-lite@0.4.24 OK for: raw-body@2.4.1 want: 0.4.24
1192 silly placeDep node_modules/vercel unpipe@1.0.0 OK for: raw-body@2.4.1 want: 1.0.0
1193 silly fetch manifest depd@~1.1.2
1194 silly packumentCache full:https://registry.npmjs.org/depd cache-miss
1195 silly fetch manifest setprototypeof@1.1.1
1196 silly packumentCache full:https://registry.npmjs.org/setprototypeof cache-miss
1197 silly fetch manifest toidentifier@1.0.0
1198 silly packumentCache full:https://registry.npmjs.org/toidentifier cache-miss
1199 http fetch GET 200 https://registry.npmjs.org/setprototypeof 286ms (cache miss)
1200 silly packumentCache full:https://registry.npmjs.org/setprototypeof set size:undefined disposed:false
1201 silly fetch manifest safer-buffer@>= 2.1.2 < 3
1202 silly packumentCache full:https://registry.npmjs.org/safer-buffer cache-miss
1203 http fetch GET 200 https://registry.npmjs.org/toidentifier 291ms (cache miss)
1204 silly packumentCache full:https://registry.npmjs.org/toidentifier set size:undefined disposed:false
1205 http fetch GET 200 https://registry.npmjs.org/depd 310ms (cache miss)
1206 silly packumentCache full:https://registry.npmjs.org/depd set size:undefined disposed:false
1207 http fetch GET 200 https://registry.npmjs.org/safer-buffer 270ms (cache miss)
1208 silly packumentCache full:https://registry.npmjs.org/safer-buffer set size:undefined disposed:false
1209 silly placeDep node_modules/vercel safer-buffer@2.1.2 OK for: iconv-lite@0.4.24 want: >= 2.1.2 < 3
1210 silly placeDep node_modules/vercel string_decoder@1.3.0 OK for: readable-stream@3.6.2 want: ^1.1.1
1211 silly placeDep node_modules/vercel util-deprecate@1.0.2 OK for: readable-stream@3.6.2 want: ^1.0.1
1212 silly fetch manifest safe-buffer@~5.2.0
1213 silly packumentCache full:https://registry.npmjs.org/safe-buffer cache-hit
1214 silly placeDep node_modules/vercel lru-cache@6.0.0 OK for: semver@7.3.5 want: ^6.0.0
1215 silly placeDep node_modules/vercel yallist@4.0.0 OK for: lru-cache@6.0.0 want: ^4.0.0
1216 silly placeDep node_modules/vercel shebang-regex@3.0.0 OK for: shebang-command@2.0.0 want: ^3.0.0
1217 silly placeDep node_modules/vercel any-promise@1.3.0 OK for: stream-to-promise@2.2.0 want: ~1.3.0
1218 silly placeDep node_modules/vercel/node_modules/stream-to-promise end-of-stream@1.1.0 OK for: stream-to-promise@2.2.0 want: ~1.1.0
1219 silly placeDep node_modules/vercel stream-to-array@2.3.0 OK for: stream-to-promise@2.2.0 want: ~2.3.0
1220 silly fetch manifest once@~1.3.0
1221 silly packumentCache full:https://registry.npmjs.org/once cache-hit
1222 silly placeDep node_modules/vercel safe-buffer@5.2.1 OK for: string_decoder@1.3.0 want: ~5.2.0
1223 silly placeDep node_modules/vercel emoji-regex@8.0.0 OK for: string-width@4.2.3 want: ^8.0.0
1224 silly placeDep node_modules/vercel is-fullwidth-code-point@3.0.0 OK for: string-width@4.2.3 want: ^3.0.0
1225 silly placeDep node_modules/vercel ansi-regex@5.0.1 OK for: strip-ansi@6.0.1 want: ^5.0.1
1226 silly placeDep node_modules/vercel chownr@1.1.4 OK for: tar@4.4.18 want: ^1.1.4
1227 silly placeDep node_modules/vercel fs-minipass@1.2.7 OK for: tar@4.4.18 want: ^1.2.7
1228 silly placeDep node_modules/vercel minipass@2.9.0 OK for: tar@4.4.18 want: ^2.9.0
1229 silly placeDep node_modules/vercel minizlib@1.3.3 OK for: tar@4.4.18 want: ^1.3.3
1230 silly placeDep node_modules/vercel mkdirp@0.5.6 OK for: tar@4.4.18 want: ^0.5.5
1231 silly placeDep node_modules/vercel/node_modules/tar yallist@3.1.1 OK for: tar@4.4.18 want: ^3.1.1
1232 silly fetch manifest minipass@^2.6.0
1233 silly packumentCache full:https://registry.npmjs.org/minipass cache-hit
1234 silly fetch manifest yallist@^3.0.0
1235 silly packumentCache full:https://registry.npmjs.org/yallist cache-hit
1236 silly fetch manifest minimist@^1.2.6
1237 silly packumentCache full:https://registry.npmjs.org/minimist cache-miss
1238 http fetch GET 200 https://registry.npmjs.org/minimist 298ms (cache miss)
1239 silly packumentCache full:https://registry.npmjs.org/minimist set size:undefined disposed:false
1240 silly placeDep node_modules/vercel/node_modules/minipass yallist@3.1.1 OK for: minipass@2.9.0 want: ^3.0.0
1241 silly placeDep node_modules/vercel minimist@1.2.8 OK for: mkdirp@0.5.6 want: ^1.2.6
1242 silly placeDep node_modules/vercel convert-hrtime@3.0.0 OK for: time-span@4.0.0 want: ^3.0.0
1243 silly placeDep node_modules/vercel is-number@7.0.0 OK for: to-regex-range@5.0.1 want: ^7.0.0
1244 silly placeDep node_modules/vercel @ts-morph/common@0.11.1 OK for: ts-morph@12.0.0 want: ~0.11.0
1245 silly placeDep node_modules/vercel code-block-writer@10.1.1 OK for: ts-morph@12.0.0 want: ^10.1.1
1246 silly fetch manifest mkdirp@^1.0.4
1247 silly packumentCache full:https://registry.npmjs.org/mkdirp cache-hit
1248 silly fetch manifest fast-glob@^3.2.7
1249 silly packumentCache full:https://registry.npmjs.org/fast-glob cache-miss
1250 silly fetch manifest path-browserify@^1.0.1
1251 silly packumentCache full:https://registry.npmjs.org/path-browserify cache-miss
1252 http fetch GET 200 https://registry.npmjs.org/path-browserify 281ms (cache miss)
1253 silly packumentCache full:https://registry.npmjs.org/path-browserify set size:undefined disposed:false
1254 http fetch GET 200 https://registry.npmjs.org/fast-glob 298ms (cache miss)
1255 silly packumentCache full:https://registry.npmjs.org/fast-glob set size:undefined disposed:false
1256 silly placeDep node_modules/vercel fast-glob@3.3.2 OK for: @ts-morph/common@0.11.1 want: ^3.2.7
1257 silly placeDep node_modules/vercel/node_modules/@ts-morph/common mkdirp@1.0.4 OK for: @ts-morph/common@0.11.1 want: ^1.0.4
1258 silly placeDep node_modules/vercel path-browserify@1.0.1 OK for: @ts-morph/common@0.11.1 want: ^1.0.1
1259 silly fetch manifest @nodelib/fs.stat@^2.0.2
1260 silly packumentCache full:https://registry.npmjs.org/@nodelib%2ffs.stat cache-miss
1261 silly fetch manifest @nodelib/fs.walk@^1.2.3
1262 silly packumentCache full:https://registry.npmjs.org/@nodelib%2ffs.walk cache-miss
1263 silly fetch manifest merge2@^1.3.0
1264 silly packumentCache full:https://registry.npmjs.org/merge2 cache-miss
1265 http fetch GET 200 https://registry.npmjs.org/merge2 461ms (cache miss)
1266 silly packumentCache full:https://registry.npmjs.org/merge2 set size:undefined disposed:false
1267 http fetch GET 200 https://registry.npmjs.org/@nodelib%2ffs.walk 724ms (cache miss)
1268 silly packumentCache full:https://registry.npmjs.org/@nodelib%2ffs.walk set size:undefined disposed:false
1269 http fetch GET 200 https://registry.npmjs.org/@nodelib%2ffs.stat 729ms (cache miss)
1270 silly packumentCache full:https://registry.npmjs.org/@nodelib%2ffs.stat set size:undefined disposed:false
1271 silly placeDep node_modules/vercel @nodelib/fs.stat@2.0.5 OK for: fast-glob@3.3.2 want: ^2.0.2
1272 silly placeDep node_modules/vercel @nodelib/fs.walk@1.2.8 OK for: fast-glob@3.3.2 want: ^1.2.3
1273 silly placeDep node_modules/vercel merge2@1.4.1 OK for: fast-glob@3.3.2 want: ^1.3.0
1274 silly fetch manifest @nodelib/fs.scandir@2.1.5
1275 silly packumentCache full:https://registry.npmjs.org/@nodelib%2ffs.scandir cache-miss
1276 silly fetch manifest fastq@^1.6.0
1277 silly packumentCache full:https://registry.npmjs.org/fastq cache-miss
1278 http fetch GET 200 https://registry.npmjs.org/fastq 298ms (cache miss)
1279 silly packumentCache full:https://registry.npmjs.org/fastq set size:undefined disposed:false
1280 http fetch GET 200 https://registry.npmjs.org/@nodelib%2ffs.scandir 730ms (cache miss)
1281 silly packumentCache full:https://registry.npmjs.org/@nodelib%2ffs.scandir set size:undefined disposed:false
1282 silly placeDep node_modules/vercel @nodelib/fs.scandir@2.1.5 OK for: @nodelib/fs.walk@1.2.8 want: 2.1.5
1283 silly placeDep node_modules/vercel fastq@1.17.1 OK for: @nodelib/fs.walk@1.2.8 want: ^1.6.0
1284 silly fetch manifest run-parallel@^1.1.9
1285 silly packumentCache full:https://registry.npmjs.org/run-parallel cache-miss
1286 silly fetch manifest reusify@^1.0.4
1287 silly packumentCache full:https://registry.npmjs.org/reusify cache-miss
1288 http fetch GET 200 https://registry.npmjs.org/run-parallel 285ms (cache miss)
1289 silly packumentCache full:https://registry.npmjs.org/run-parallel set size:undefined disposed:false
1290 http fetch GET 200 https://registry.npmjs.org/reusify 378ms (cache miss)
1291 silly packumentCache full:https://registry.npmjs.org/reusify set size:undefined disposed:false
1292 silly placeDep node_modules/vercel run-parallel@1.2.0 OK for: @nodelib/fs.scandir@2.1.5 want: ^1.1.9
1293 silly fetch manifest queue-microtask@^1.2.2
1294 silly packumentCache full:https://registry.npmjs.org/queue-microtask cache-miss
1295 http fetch GET 200 https://registry.npmjs.org/queue-microtask 286ms (cache miss)
1296 silly packumentCache full:https://registry.npmjs.org/queue-microtask set size:undefined disposed:false
1297 silly placeDep node_modules/vercel reusify@1.0.4 OK for: fastq@1.17.1 want: ^1.0.4
1298 silly placeDep node_modules/vercel queue-microtask@1.2.3 OK for: run-parallel@1.2.0 want: ^1.2.2
1299 silly placeDep node_modules/vercel @cspotcode/source-map-support@0.8.1 OK for: ts-node@10.9.1 want: ^0.8.0
1300 silly placeDep node_modules/vercel @tsconfig/node10@1.0.11 OK for: ts-node@10.9.1 want: ^1.0.7
1301 silly placeDep node_modules/vercel @tsconfig/node12@1.0.11 OK for: ts-node@10.9.1 want: ^1.0.7
1302 silly placeDep node_modules/vercel @tsconfig/node14@1.0.3 OK for: ts-node@10.9.1 want: ^1.0.0
1303 silly placeDep node_modules/vercel @tsconfig/node16@1.0.4 OK for: ts-node@10.9.1 want: ^1.0.2
1304 silly placeDep node_modules/vercel acorn-walk@8.3.4 OK for: ts-node@10.9.1 want: ^8.1.1
1305 silly placeDep node_modules/vercel create-require@1.1.1 OK for: ts-node@10.9.1 want: ^1.1.0
1306 silly placeDep node_modules/vercel diff@4.0.2 OK for: ts-node@10.9.1 want: ^4.0.1
1307 silly placeDep node_modules/vercel make-error@1.3.6 OK for: ts-node@10.9.1 want: ^1.1.1
1308 silly placeDep node_modules/vercel v8-compile-cache-lib@3.0.1 OK for: ts-node@10.9.1 want: ^3.0.1
1309 silly placeDep node_modules/vercel yn@3.1.1 OK for: ts-node@10.9.1 want: 3.1.1
1310 silly fetch manifest @jridgewell/trace-mapping@0.3.9
1311 silly packumentCache full:https://registry.npmjs.org/@jridgewell%2ftrace-mapping cache-miss
1312 http fetch GET 200 https://registry.npmjs.org/@jridgewell%2ftrace-mapping 716ms (cache miss)
1313 silly packumentCache full:https://registry.npmjs.org/@jridgewell%2ftrace-mapping set size:undefined disposed:false
1314 silly placeDep node_modules/vercel @jridgewell/trace-mapping@0.3.9 OK for: @cspotcode/source-map-support@0.8.1 want: 0.3.9
1315 silly fetch manifest @jridgewell/resolve-uri@^3.0.3
1316 silly packumentCache full:https://registry.npmjs.org/@jridgewell%2fresolve-uri cache-miss
1317 silly fetch manifest @jridgewell/sourcemap-codec@^1.4.10
1318 silly packumentCache full:https://registry.npmjs.org/@jridgewell%2fsourcemap-codec cache-miss
1319 http fetch GET 200 https://registry.npmjs.org/@jridgewell%2fresolve-uri 692ms (cache miss)
1320 silly packumentCache full:https://registry.npmjs.org/@jridgewell%2fresolve-uri set size:undefined disposed:false
1321 http fetch GET 200 https://registry.npmjs.org/@jridgewell%2fsourcemap-codec 739ms (cache revalidated)
1322 silly packumentCache full:https://registry.npmjs.org/@jridgewell%2fsourcemap-codec set size:54548 disposed:false
1323 silly placeDep node_modules/vercel @jridgewell/resolve-uri@3.1.2 OK for: @jridgewell/trace-mapping@0.3.9 want: ^3.0.3
1324 silly placeDep node_modules/vercel @jridgewell/sourcemap-codec@1.5.0 OK for: @jridgewell/trace-mapping@0.3.9 want: ^1.4.10
1325 silly placeDep node_modules/vercel @fastify/busboy@2.1.1 OK for: undici@5.28.4 want: ^2.0.0
1326 silly placeDep node_modules/vercel punycode@2.3.1 OK for: uri-js@4.4.1 want: ^2.1.0
1327 silly placeDep node_modules/vercel tr46@0.0.3 OK for: whatwg-url@5.0.0 want: ~0.0.3
1328 silly placeDep node_modules/vercel webidl-conversions@3.0.1 OK for: whatwg-url@5.0.0 want: ^3.0.0
1329 silly placeDep node_modules/vercel isexe@2.0.0 OK for: which@2.0.2 want: ^2.0.0
1330 silly placeDep node_modules/vercel xdg-portable@7.3.0 OK for: xdg-app-paths@5.1.0 want: ^7.0.0
1331 silly fetch manifest os-paths@^4.0.1
1332 silly packumentCache full:https://registry.npmjs.org/os-paths cache-miss
1333 http fetch GET 200 https://registry.npmjs.org/os-paths 784ms (cache miss)
1334 silly packumentCache full:https://registry.npmjs.org/os-paths set size:undefined disposed:false
1335 silly placeDep node_modules/vercel os-paths@4.4.0 OK for: xdg-portable@7.3.0 want: ^4.0.1
1336 silly placeDep node_modules/vercel yauzl@2.10.0 OK for: yauzl-promise@2.1.3 want: ^2.9.1
1337 silly placeDep node_modules/vercel yauzl-clone@1.0.4 OK for: yauzl-promise@2.1.3 want: ^1.0.4
1338 silly fetch manifest fd-slicer@~1.1.0
1339 silly packumentCache full:https://registry.npmjs.org/fd-slicer cache-miss
1340 silly fetch manifest buffer-crc32@~0.2.3
1341 silly packumentCache full:https://registry.npmjs.org/buffer-crc32 cache-miss
1342 silly fetch manifest events-intercept@^2.0.0
1343 silly packumentCache full:https://registry.npmjs.org/events-intercept cache-miss
1344 http fetch GET 200 https://registry.npmjs.org/fd-slicer 277ms (cache miss)
1345 silly packumentCache full:https://registry.npmjs.org/fd-slicer set size:undefined disposed:false
1346 http fetch GET 200 https://registry.npmjs.org/events-intercept 331ms (cache miss)
1347 silly packumentCache full:https://registry.npmjs.org/events-intercept set size:undefined disposed:false
1348 http fetch GET 200 https://registry.npmjs.org/buffer-crc32 444ms (cache miss)
1349 silly packumentCache full:https://registry.npmjs.org/buffer-crc32 set size:undefined disposed:false
1350 silly placeDep node_modules/vercel buffer-crc32@0.2.13 OK for: yauzl@2.10.0 want: ~0.2.3
1351 silly placeDep node_modules/vercel fd-slicer@1.1.0 OK for: yauzl@2.10.0 want: ~1.1.0
1352 silly fetch manifest pend@~1.2.0
1353 silly packumentCache full:https://registry.npmjs.org/pend cache-miss
1354 http fetch GET 200 https://registry.npmjs.org/pend 266ms (cache miss)
1355 silly packumentCache full:https://registry.npmjs.org/pend set size:undefined disposed:false
1356 silly placeDep node_modules/vercel pend@1.2.0 OK for: fd-slicer@1.1.0 want: ~1.2.0
1357 silly placeDep node_modules/vercel events-intercept@2.0.0 OK for: yauzl-clone@1.0.4 want: ^2.0.0
1358 silly placeDep node_modules/vercel/node_modules/@mapbox/node-pre-gyp chownr@2.0.0 OK for: tar@6.2.1 want: ^2.0.0
1359 silly placeDep node_modules/vercel/node_modules/@mapbox/node-pre-gyp fs-minipass@2.1.0 OK for: tar@6.2.1 want: ^2.0.0
1360 silly placeDep node_modules/vercel/node_modules/@mapbox/node-pre-gyp minipass@5.0.0 OK for: tar@6.2.1 want: ^5.0.0
1361 silly placeDep node_modules/vercel/node_modules/@mapbox/node-pre-gyp minizlib@2.1.2 OK for: tar@6.2.1 want: ^2.1.1
1362 silly placeDep node_modules/vercel/node_modules/@mapbox/node-pre-gyp mkdirp@1.0.4 OK for: tar@6.2.1 want: ^1.0.3
1363 silly fetch manifest minipass@^3.0.0
1364 silly packumentCache full:https://registry.npmjs.org/minipass cache-hit
1365 silly fetch manifest minipass@^3.0.0
1366 silly packumentCache full:https://registry.npmjs.org/minipass cache-hit
1367 silly placeDep node_modules/vercel/node_modules/@mapbox/node-pre-gyp/node_modules/fs-minipass minipass@3.3.6 OK for: fs-minipass@2.1.0 want: ^3.0.0
1368 silly placeDep node_modules/vercel/node_modules/@mapbox/node-pre-gyp/node_modules/minizlib minipass@3.3.6 OK for: minizlib@2.1.2 want: ^3.0.0
1369 silly placeDep node_modules/vercel/node_modules/@vercel/gatsby-plugin-vercel-builder jsonfile@6.1.0 OK for: fs-extra@11.1.0 want: ^6.0.1
1370 silly placeDep node_modules/vercel/node_modules/@vercel/gatsby-plugin-vercel-builder universalify@2.0.1 OK for: fs-extra@11.1.0 want: ^2.0.0
1371 silly placeDep node_modules/vercel/node_modules/@vercel/static-config json-schema-traverse@1.0.0 OK for: ajv@8.6.3 want: ^1.0.0
1372 silly placeDep node_modules/vercel require-from-string@2.0.2 OK for: ajv@8.6.3 want: ^2.0.2
1373 silly placeDep node_modules/vercel isarray@0.0.1 OK for: path-to-regexp@1.9.0 want: 0.0.1
1374 silly placeDep node_modules/vercel depd@1.1.2 OK for: http-errors@1.7.3 want: ~1.1.2
1375 silly placeDep node_modules/vercel setprototypeof@1.1.1 OK for: http-errors@1.7.3 want: 1.1.1
1376 silly placeDep node_modules/vercel toidentifier@1.0.0 OK for: http-errors@1.7.3 want: 1.0.0
1377 silly placeDep node_modules/vercel/node_modules/stream-to-promise once@1.3.3 OK for: end-of-stream@1.1.0 want: ~1.3.0
1378 silly reify mark retired [
1378 silly reify   'C:\\Users\\Faneva_ANDRIANAINA\\AppData\\Roaming\\npm\\node_modules\\vercel',
1378 silly reify   'C:\\Users\\Faneva_ANDRIANAINA\\AppData\\Roaming\\npm\\vc',
1378 silly reify   'C:\\Users\\Faneva_ANDRIANAINA\\AppData\\Roaming\\npm\\vc.cmd',
1378 silly reify   'C:\\Users\\Faneva_ANDRIANAINA\\AppData\\Roaming\\npm\\vc.ps1',
1378 silly reify   'C:\\Users\\Faneva_ANDRIANAINA\\AppData\\Roaming\\npm\\vercel',
1378 silly reify   'C:\\Users\\Faneva_ANDRIANAINA\\AppData\\Roaming\\npm\\vercel.cmd',
1378 silly reify   'C:\\Users\\Faneva_ANDRIANAINA\\AppData\\Roaming\\npm\\vercel.ps1'
1378 silly reify ]
1379 silly reify moves {
1379 silly reify   'C:\\Users\\Faneva_ANDRIANAINA\\AppData\\Roaming\\npm\\node_modules\\vercel': 'C:\\Users\\Faneva_ANDRIANAINA\\AppData\\Roaming\\npm\\node_modules\\.vercel-aCNy7x7T',
1379 silly reify   'C:\\Users\\Faneva_ANDRIANAINA\\AppData\\Roaming\\npm\\vc': 'C:\\Users\\Faneva_ANDRIANAINA\\AppData\\Roaming\\npm\\.vc-gWrxbdza',
1379 silly reify   'C:\\Users\\Faneva_ANDRIANAINA\\AppData\\Roaming\\npm\\vc.cmd': 'C:\\Users\\Faneva_ANDRIANAINA\\AppData\\Roaming\\npm\\.vc.cmd-qCxXCzEJ',
1379 silly reify   'C:\\Users\\Faneva_ANDRIANAINA\\AppData\\Roaming\\npm\\vc.ps1': 'C:\\Users\\Faneva_ANDRIANAINA\\AppData\\Roaming\\npm\\.vc.ps1-WIBdhmDe',
1379 silly reify   'C:\\Users\\Faneva_ANDRIANAINA\\AppData\\Roaming\\npm\\vercel': 'C:\\Users\\Faneva_ANDRIANAINA\\AppData\\Roaming\\npm\\.vercel-z3puvXMn',
1379 silly reify   'C:\\Users\\Faneva_ANDRIANAINA\\AppData\\Roaming\\npm\\vercel.cmd': 'C:\\Users\\Faneva_ANDRIANAINA\\AppData\\Roaming\\npm\\.vercel.cmd-tkQE2MhI',
1379 silly reify   'C:\\Users\\Faneva_ANDRIANAINA\\AppData\\Roaming\\npm\\vercel.ps1': 'C:\\Users\\Faneva_ANDRIANAINA\\AppData\\Roaming\\npm\\.vercel.ps1-7BghtTR5'
1379 silly reify }
1380 verbose reify failed optional dependency C:\Users\Faneva_ANDRIANAINA\AppData\Roaming\npm\node_modules\vercel\node_modules\esbuild-windows-arm64
1381 silly reify mark deleted [
1381 silly reify   'C:\\Users\\Faneva_ANDRIANAINA\\AppData\\Roaming\\npm\\node_modules\\vercel\\node_modules\\esbuild-windows-arm64'
1381 silly reify ]
1382 verbose reify failed optional dependency C:\Users\Faneva_ANDRIANAINA\AppData\Roaming\npm\node_modules\vercel\node_modules\esbuild-windows-32
1383 silly reify mark deleted [
1383 silly reify   'C:\\Users\\Faneva_ANDRIANAINA\\AppData\\Roaming\\npm\\node_modules\\vercel\\node_modules\\esbuild-windows-32'
1383 silly reify ]
1384 verbose reify failed optional dependency C:\Users\Faneva_ANDRIANAINA\AppData\Roaming\npm\node_modules\vercel\node_modules\esbuild-sunos-64
1385 silly reify mark deleted [
1385 silly reify   'C:\\Users\\Faneva_ANDRIANAINA\\AppData\\Roaming\\npm\\node_modules\\vercel\\node_modules\\esbuild-sunos-64'
1385 silly reify ]
1386 verbose reify failed optional dependency C:\Users\Faneva_ANDRIANAINA\AppData\Roaming\npm\node_modules\vercel\node_modules\esbuild-openbsd-64
1387 silly reify mark deleted [
1387 silly reify   'C:\\Users\\Faneva_ANDRIANAINA\\AppData\\Roaming\\npm\\node_modules\\vercel\\node_modules\\esbuild-openbsd-64'
1387 silly reify ]
1388 verbose reify failed optional dependency C:\Users\Faneva_ANDRIANAINA\AppData\Roaming\npm\node_modules\vercel\node_modules\esbuild-netbsd-64
1389 silly reify mark deleted [
1389 silly reify   'C:\\Users\\Faneva_ANDRIANAINA\\AppData\\Roaming\\npm\\node_modules\\vercel\\node_modules\\esbuild-netbsd-64'
1389 silly reify ]
1390 verbose reify failed optional dependency C:\Users\Faneva_ANDRIANAINA\AppData\Roaming\npm\node_modules\vercel\node_modules\esbuild-linux-s390x
1391 silly reify mark deleted [
1391 silly reify   'C:\\Users\\Faneva_ANDRIANAINA\\AppData\\Roaming\\npm\\node_modules\\vercel\\node_modules\\esbuild-linux-s390x'
1391 silly reify ]
1392 verbose reify failed optional dependency C:\Users\Faneva_ANDRIANAINA\AppData\Roaming\npm\node_modules\vercel\node_modules\esbuild-linux-riscv64
1393 silly reify mark deleted [
1393 silly reify   'C:\\Users\\Faneva_ANDRIANAINA\\AppData\\Roaming\\npm\\node_modules\\vercel\\node_modules\\esbuild-linux-riscv64'
1393 silly reify ]
1394 verbose reify failed optional dependency C:\Users\Faneva_ANDRIANAINA\AppData\Roaming\npm\node_modules\vercel\node_modules\esbuild-linux-ppc64le
1395 silly reify mark deleted [
1395 silly reify   'C:\\Users\\Faneva_ANDRIANAINA\\AppData\\Roaming\\npm\\node_modules\\vercel\\node_modules\\esbuild-linux-ppc64le'
1395 silly reify ]
1396 verbose reify failed optional dependency C:\Users\Faneva_ANDRIANAINA\AppData\Roaming\npm\node_modules\vercel\node_modules\esbuild-linux-mips64le
1397 silly reify mark deleted [
1397 silly reify   'C:\\Users\\Faneva_ANDRIANAINA\\AppData\\Roaming\\npm\\node_modules\\vercel\\node_modules\\esbuild-linux-mips64le'
1397 silly reify ]
1398 verbose reify failed optional dependency C:\Users\Faneva_ANDRIANAINA\AppData\Roaming\npm\node_modules\vercel\node_modules\esbuild-linux-arm64
1399 silly reify mark deleted [
1399 silly reify   'C:\\Users\\Faneva_ANDRIANAINA\\AppData\\Roaming\\npm\\node_modules\\vercel\\node_modules\\esbuild-linux-arm64'
1399 silly reify ]
1400 verbose reify failed optional dependency C:\Users\Faneva_ANDRIANAINA\AppData\Roaming\npm\node_modules\vercel\node_modules\esbuild-linux-arm
1401 silly reify mark deleted [
1401 silly reify   'C:\\Users\\Faneva_ANDRIANAINA\\AppData\\Roaming\\npm\\node_modules\\vercel\\node_modules\\esbuild-linux-arm'
1401 silly reify ]
1402 verbose reify failed optional dependency C:\Users\Faneva_ANDRIANAINA\AppData\Roaming\npm\node_modules\vercel\node_modules\esbuild-linux-64
1403 silly reify mark deleted [
1403 silly reify   'C:\\Users\\Faneva_ANDRIANAINA\\AppData\\Roaming\\npm\\node_modules\\vercel\\node_modules\\esbuild-linux-64'
1403 silly reify ]
1404 verbose reify failed optional dependency C:\Users\Faneva_ANDRIANAINA\AppData\Roaming\npm\node_modules\vercel\node_modules\esbuild-linux-32
1405 silly reify mark deleted [
1405 silly reify   'C:\\Users\\Faneva_ANDRIANAINA\\AppData\\Roaming\\npm\\node_modules\\vercel\\node_modules\\esbuild-linux-32'
1405 silly reify ]
1406 verbose reify failed optional dependency C:\Users\Faneva_ANDRIANAINA\AppData\Roaming\npm\node_modules\vercel\node_modules\esbuild-freebsd-arm64
1407 silly reify mark deleted [
1407 silly reify   'C:\\Users\\Faneva_ANDRIANAINA\\AppData\\Roaming\\npm\\node_modules\\vercel\\node_modules\\esbuild-freebsd-arm64'
1407 silly reify ]
1408 verbose reify failed optional dependency C:\Users\Faneva_ANDRIANAINA\AppData\Roaming\npm\node_modules\vercel\node_modules\esbuild-freebsd-64
1409 silly reify mark deleted [
1409 silly reify   'C:\\Users\\Faneva_ANDRIANAINA\\AppData\\Roaming\\npm\\node_modules\\vercel\\node_modules\\esbuild-freebsd-64'
1409 silly reify ]
1410 verbose reify failed optional dependency C:\Users\Faneva_ANDRIANAINA\AppData\Roaming\npm\node_modules\vercel\node_modules\esbuild-darwin-arm64
1411 silly reify mark deleted [
1411 silly reify   'C:\\Users\\Faneva_ANDRIANAINA\\AppData\\Roaming\\npm\\node_modules\\vercel\\node_modules\\esbuild-darwin-arm64'
1411 silly reify ]
1412 verbose reify failed optional dependency C:\Users\Faneva_ANDRIANAINA\AppData\Roaming\npm\node_modules\vercel\node_modules\esbuild-darwin-64
1413 silly reify mark deleted [
1413 silly reify   'C:\\Users\\Faneva_ANDRIANAINA\\AppData\\Roaming\\npm\\node_modules\\vercel\\node_modules\\esbuild-darwin-64'
1413 silly reify ]
1414 verbose reify failed optional dependency C:\Users\Faneva_ANDRIANAINA\AppData\Roaming\npm\node_modules\vercel\node_modules\esbuild-android-arm64
1415 silly reify mark deleted [
1415 silly reify   'C:\\Users\\Faneva_ANDRIANAINA\\AppData\\Roaming\\npm\\node_modules\\vercel\\node_modules\\esbuild-android-arm64'
1415 silly reify ]
1416 verbose reify failed optional dependency C:\Users\Faneva_ANDRIANAINA\AppData\Roaming\npm\node_modules\vercel\node_modules\esbuild-android-64
1417 silly reify mark deleted [
1417 silly reify   'C:\\Users\\Faneva_ANDRIANAINA\\AppData\\Roaming\\npm\\node_modules\\vercel\\node_modules\\esbuild-android-64'
1417 silly reify ]
1418 verbose reify failed optional dependency C:\Users\Faneva_ANDRIANAINA\AppData\Roaming\npm\node_modules\vercel\node_modules\fsevents
1419 silly reify mark deleted [
1419 silly reify   'C:\\Users\\Faneva_ANDRIANAINA\\AppData\\Roaming\\npm\\node_modules\\vercel\\node_modules\\fsevents'
1419 silly reify ]
1420 http fetch GET 200 https://registry.npmjs.org/@vercel/routing-utils/-/routing-utils-3.1.0.tgz 1278ms (cache miss)
1421 http fetch GET 200 https://registry.npmjs.org/async-listen/-/async-listen-3.0.0.tgz 1249ms (cache miss)
1422 http fetch GET 200 https://registry.npmjs.org/@vercel/gatsby-plugin-vercel-analytics/-/gatsby-plugin-vercel-analytics-1.0.11.tgz 2554ms (cache miss)
1423 http fetch GET 200 https://registry.npmjs.org/mkdirp/-/mkdirp-1.0.4.tgz 2957ms (cache miss)
1424 http fetch GET 200 https://registry.npmjs.org/@vercel/error-utils/-/error-utils-2.0.2.tgz 5066ms (cache miss)
1425 http fetch GET 200 https://registry.npmjs.org/node-fetch/-/node-fetch-2.6.9.tgz 5728ms (cache miss)
1426 http fetch GET 200 https://registry.npmjs.org/@tootallnate/once/-/once-2.0.0.tgz 6807ms (cache miss)
1427 http fetch GET 200 https://registry.npmjs.org/@vercel/hydrogen/-/hydrogen-1.0.6.tgz 7035ms (cache miss)
1428 http fetch GET 200 https://registry.npmjs.org/@tsconfig/node14/-/node14-1.0.3.tgz 7692ms (cache miss)
1429 http fetch GET 200 https://registry.npmjs.org/@vercel/redwood/-/redwood-2.1.5.tgz 7951ms (cache miss)
1430 http fetch GET 200 https://registry.npmjs.org/@tsconfig/node16/-/node16-1.0.4.tgz 7985ms (cache miss)
1431 http fetch GET 200 https://registry.npmjs.org/@tsconfig/node12/-/node12-1.0.11.tgz 8116ms (cache miss)
1432 http fetch GET 200 https://registry.npmjs.org/safe-buffer/-/safe-buffer-5.2.1.tgz 10073ms (cache revalidated)
1433 http fetch GET 200 https://registry.npmjs.org/strip-ansi/-/strip-ansi-6.0.1.tgz 10203ms (cache revalidated)
1434 http fetch GET 200 https://registry.npmjs.org/uri-js/-/uri-js-4.4.1.tgz 10543ms (cache revalidated)
1435 http fetch GET 200 https://registry.npmjs.org/jsonfile/-/jsonfile-6.1.0.tgz 10617ms (cache revalidated)
1436 http fetch GET 200 https://registry.npmjs.org/wrappy/-/wrappy-1.0.2.tgz 10608ms (cache revalidated)
1437 http fetch GET 200 https://registry.npmjs.org/universalify/-/universalify-0.1.2.tgz 10616ms (cache revalidated)
1438 http fetch GET 200 https://registry.npmjs.org/path-is-absolute/-/path-is-absolute-1.0.1.tgz 10604ms (cache revalidated)
1439 http fetch GET 200 https://registry.npmjs.org/@jridgewell/sourcemap-codec/-/sourcemap-codec-1.5.0.tgz 10688ms (cache revalidated)
1440 http fetch GET 200 https://registry.npmjs.org/punycode/-/punycode-2.3.1.tgz 10625ms (cache revalidated)
1441 http fetch GET 200 https://registry.npmjs.org/semver/-/semver-6.3.1.tgz 10580ms (cache revalidated)
1442 http fetch GET 200 https://registry.npmjs.org/semver/-/semver-6.3.1.tgz 10766ms (cache revalidated)
1443 http fetch GET 200 https://registry.npmjs.org/chownr/-/chownr-2.0.0.tgz 10732ms (cache miss)
1444 http fetch GET 200 https://registry.npmjs.org/universalify/-/universalify-2.0.1.tgz 10758ms (cache revalidated)
1445 http fetch GET 200 https://registry.npmjs.org/require-from-string/-/require-from-string-2.0.2.tgz 10690ms (cache revalidated)
1446 http fetch GET 200 https://registry.npmjs.org/util-deprecate/-/util-deprecate-1.0.2.tgz 11075ms (cache revalidated)
1447 http fetch GET 200 https://registry.npmjs.org/object-assign/-/object-assign-4.1.1.tgz 11034ms (cache revalidated)
1448 http fetch GET 200 https://registry.npmjs.org/once/-/once-1.4.0.tgz 11038ms (cache revalidated)
1449 http fetch GET 200 https://registry.npmjs.org/readable-stream/-/readable-stream-3.6.2.tgz 11079ms (cache revalidated)
1450 http fetch GET 200 https://registry.npmjs.org/yallist/-/yallist-4.0.0.tgz 11161ms (cache miss)
1451 http fetch GET 200 https://registry.npmjs.org/yn/-/yn-3.1.1.tgz 11163ms (cache miss)
1452 http fetch GET 200 https://registry.npmjs.org/yauzl-clone/-/yauzl-clone-1.0.4.tgz 11167ms (cache miss)
1453 http fetch GET 200 https://registry.npmjs.org/onetime/-/onetime-5.1.2.tgz 11213ms (cache revalidated)
1454 http fetch GET 200 https://registry.npmjs.org/@tsconfig/node10/-/node10-1.0.11.tgz 11313ms (cache miss)
1455 http fetch GET 200 https://registry.npmjs.org/which/-/which-2.0.2.tgz 11286ms (cache miss)
1456 http fetch GET 200 https://registry.npmjs.org/wide-align/-/wide-align-1.1.5.tgz 11323ms (cache miss)
1457 http fetch GET 200 https://registry.npmjs.org/node-gyp-build/-/node-gyp-build-4.8.2.tgz 11287ms (cache revalidated)
1458 http fetch GET 200 https://registry.npmjs.org/mimic-fn/-/mimic-fn-2.1.0.tgz 11283ms (cache revalidated)
1459 http fetch GET 200 https://registry.npmjs.org/make-dir/-/make-dir-3.1.0.tgz 11288ms (cache revalidated)
1460 http fetch GET 200 https://registry.npmjs.org/minimatch/-/minimatch-3.1.2.tgz 11298ms (cache revalidated)
1461 http fetch GET 200 https://registry.npmjs.org/glob/-/glob-7.2.3.tgz 11271ms (cache revalidated)
1462 http fetch GET 200 https://registry.npmjs.org/graceful-fs/-/graceful-fs-4.2.11.tgz 11275ms (cache revalidated)
1463 http fetch GET 200 https://registry.npmjs.org/inherits/-/inherits-2.0.4.tgz 11289ms (cache revalidated)
1464 http fetch GET 200 https://registry.npmjs.org/@edge-runtime/ponyfill/-/ponyfill-2.4.2.tgz 11443ms (cache miss)
1465 http fetch GET 200 https://registry.npmjs.org/jsonfile/-/jsonfile-4.0.0.tgz 11316ms (cache revalidated)
1466 http fetch GET 200 https://registry.npmjs.org/json-schema-traverse/-/json-schema-traverse-1.0.0.tgz 11518ms (cache revalidated)
1467 http fetch GET 200 https://registry.npmjs.org/signal-exit/-/signal-exit-3.0.7.tgz 11304ms (cache revalidated)
1468 http fetch GET 200 https://registry.npmjs.org/signal-exit/-/signal-exit-3.0.7.tgz 11316ms (cache revalidated)
1469 http fetch GET 200 https://registry.npmjs.org/string_decoder/-/string_decoder-1.3.0.tgz 11441ms (cache revalidated)
1470 http fetch GET 200 https://registry.npmjs.org/fs.realpath/-/fs.realpath-1.0.0.tgz 11317ms (cache revalidated)
1471 http fetch GET 200 https://registry.npmjs.org/balanced-match/-/balanced-match-1.0.2.tgz 11281ms (cache revalidated)
1472 http fetch GET 200 https://registry.npmjs.org/fs-extra/-/fs-extra-8.1.0.tgz 11347ms (cache revalidated)
1473 http fetch GET 200 https://registry.npmjs.org/fast-deep-equal/-/fast-deep-equal-3.1.3.tgz 11336ms (cache revalidated)
1474 http fetch GET 200 https://registry.npmjs.org/ansi-regex/-/ansi-regex-5.0.1.tgz 11306ms (cache revalidated)
1475 http fetch GET 200 https://registry.npmjs.org/inflight/-/inflight-1.0.6.tgz 11370ms (cache revalidated)
1476 http fetch GET 200 https://registry.npmjs.org/concat-map/-/concat-map-0.0.1.tgz 11364ms (cache revalidated)
1477 http fetch GET 200 https://registry.npmjs.org/brace-expansion/-/brace-expansion-1.1.11.tgz 11397ms (cache revalidated)
1478 http fetch GET 200 https://registry.npmjs.org/fs-minipass/-/fs-minipass-2.1.0.tgz 11632ms (cache miss)
1479 http fetch GET 200 https://registry.npmjs.org/@types/json-schema/-/json-schema-7.0.15.tgz 11886ms (cache miss)
1480 http fetch GET 200 https://registry.npmjs.org/v8-compile-cache-lib/-/v8-compile-cache-lib-3.0.1.tgz 11890ms (cache miss)
1481 http fetch GET 200 https://registry.npmjs.org/unpipe/-/unpipe-1.0.0.tgz 11899ms (cache miss)
1482 http fetch GET 200 https://registry.npmjs.org/uid-promise/-/uid-promise-1.0.0.tgz 12028ms (cache miss)
1483 http fetch GET 200 https://registry.npmjs.org/tree-kill/-/tree-kill-1.2.2.tgz 12028ms (cache miss)
1484 http fetch GET 200 https://registry.npmjs.org/minizlib/-/minizlib-2.1.2.tgz 12136ms (cache miss)
1485 http fetch GET 200 https://registry.npmjs.org/minipass/-/minipass-3.3.6.tgz 12135ms (cache miss)
1486 http fetch GET 200 https://registry.npmjs.org/xdg-app-paths/-/xdg-app-paths-5.1.0.tgz 12283ms (cache miss)
1487 http fetch GET 200 https://registry.npmjs.org/@jridgewell/resolve-uri/-/resolve-uri-3.1.2.tgz 12371ms (cache miss)
1488 http fetch GET 200 https://registry.npmjs.org/toidentifier/-/toidentifier-1.0.0.tgz 12339ms (cache miss)
1489 http fetch GET 200 https://registry.npmjs.org/time-span/-/time-span-4.0.0.tgz 12340ms (cache miss)
1490 http fetch GET 200 https://registry.npmjs.org/once/-/once-1.3.3.tgz 12703ms (cache miss)
1491 http fetch GET 200 https://registry.npmjs.org/statuses/-/statuses-1.5.0.tgz 12715ms (cache miss)
1492 http fetch GET 200 https://registry.npmjs.org/stream-to-promise/-/stream-to-promise-2.2.0.tgz 12871ms (cache miss)
1493 http fetch GET 200 https://registry.npmjs.org/set-blocking/-/set-blocking-2.0.0.tgz 13025ms (cache miss)
1494 http fetch GET 200 https://registry.npmjs.org/reusify/-/reusify-1.0.4.tgz 13027ms (cache miss)
1495 http fetch GET 200 https://registry.npmjs.org/safer-buffer/-/safer-buffer-2.1.2.tgz 13031ms (cache miss)
1496 http fetch GET 200 https://registry.npmjs.org/readdirp/-/readdirp-3.3.0.tgz 13042ms (cache miss)
1497 http fetch GET 200 https://registry.npmjs.org/yauzl/-/yauzl-2.10.0.tgz 13402ms (cache miss)
1498 http fetch GET 200 https://registry.npmjs.org/uuid/-/uuid-3.3.2.tgz 13398ms (cache miss)
1499 http fetch GET 200 https://registry.npmjs.org/resolve-from/-/resolve-from-5.0.0.tgz 13561ms (cache miss)
1500 http fetch GET 200 https://registry.npmjs.org/pretty-ms/-/pretty-ms-7.0.1.tgz 13557ms (cache miss)
1501 http fetch GET 200 https://registry.npmjs.org/queue-microtask/-/queue-microtask-1.2.3.tgz 13565ms (cache miss)
1502 http fetch GET 200 https://registry.npmjs.org/http-errors/-/http-errors-1.7.3.tgz 13573ms (cache miss)
1503 http fetch GET 200 https://registry.npmjs.org/promisepipe/-/promisepipe-3.0.0.tgz 13583ms (cache miss)
1504 http fetch GET 200 https://registry.npmjs.org/normalize-path/-/normalize-path-3.0.0.tgz 13791ms (cache miss)
1505 http fetch GET 200 https://registry.npmjs.org/npm-run-path/-/npm-run-path-4.0.1.tgz 13795ms (cache miss)
1506 http fetch GET 200 https://registry.npmjs.org/nopt/-/nopt-5.0.0.tgz 13760ms (cache miss)
1507 http fetch GET 200 https://registry.npmjs.org/npmlog/-/npmlog-5.0.1.tgz 13823ms (cache miss)
1508 http fetch GET 200 https://registry.npmjs.org/minipass/-/minipass-3.3.6.tgz 13920ms (cache miss)
1509 http fetch GET 200 https://registry.npmjs.org/ms/-/ms-2.1.1.tgz 13784ms (cache miss)
1510 http fetch GET 200 https://registry.npmjs.org/minipass/-/minipass-2.9.0.tgz 13783ms (cache miss)
1511 http fetch GET 200 https://registry.npmjs.org/mri/-/mri-1.2.0.tgz 13785ms (cache miss)
1512 http fetch GET 200 https://registry.npmjs.org/micromatch/-/micromatch-4.0.8.tgz 13777ms (cache miss)
1513 http fetch GET 200 https://registry.npmjs.org/path-match/-/path-match-1.2.4.tgz 13839ms (cache miss)
1514 http fetch GET 200 https://registry.npmjs.org/is-stream/-/is-stream-2.0.1.tgz 13776ms (cache miss)
1515 http fetch GET 200 https://registry.npmjs.org/merge-stream/-/merge-stream-2.0.0.tgz 13776ms (cache miss)
1516 http fetch GET 200 https://registry.npmjs.org/path-to-regexp/-/path-to-regexp-1.9.0.tgz 13840ms (cache miss)
1517 http fetch GET 200 https://registry.npmjs.org/make-error/-/make-error-1.3.6.tgz 13782ms (cache miss)
1518 http fetch GET 200 https://registry.npmjs.org/yallist/-/yallist-3.1.1.tgz 13789ms (cache miss)
1519 http fetch GET 200 https://registry.npmjs.org/os-paths/-/os-paths-4.4.0.tgz 13859ms (cache miss)
1520 http fetch GET 200 https://registry.npmjs.org/isexe/-/isexe-2.0.0.tgz 13794ms (cache miss)
1521 http fetch GET 200 https://registry.npmjs.org/is-fullwidth-code-point/-/is-fullwidth-code-point-3.0.0.tgz 13790ms (cache miss)
1522 http fetch GET 200 https://registry.npmjs.org/p-finally/-/p-finally-2.0.1.tgz 13885ms (cache miss)
1523 http fetch GET 200 https://registry.npmjs.org/is-binary-path/-/is-binary-path-2.1.0.tgz 13815ms (cache miss)
1524 http fetch GET 200 https://registry.npmjs.org/is-glob/-/is-glob-4.0.3.tgz 13818ms (cache miss)
1525 http fetch GET 200 https://registry.npmjs.org/parse-ms/-/parse-ms-2.1.0.tgz 13890ms (cache miss)
1526 http fetch GET 200 https://registry.npmjs.org/https-proxy-agent/-/https-proxy-agent-5.0.1.tgz 13813ms (cache miss)
1527 http fetch GET 200 https://registry.npmjs.org/http-errors/-/http-errors-1.4.0.tgz 13813ms (cache miss)
1528 http fetch GET 200 https://registry.npmjs.org/is-extglob/-/is-extglob-2.1.1.tgz 13849ms (cache miss)
1529 http fetch GET 200 https://registry.npmjs.org/json-schema-traverse/-/json-schema-traverse-0.4.1.tgz 13857ms (cache miss)
1530 http fetch GET 200 https://registry.npmjs.org/fill-range/-/fill-range-7.1.1.tgz 13835ms (cache miss)
1531 http fetch GET 200 https://registry.npmjs.org/picocolors/-/picocolors-1.0.0.tgz 13923ms (cache miss)
1532 http fetch GET 200 https://registry.npmjs.org/gauge/-/gauge-3.0.2.tgz 14025ms (cache miss)
1533 http fetch GET 200 https://registry.npmjs.org/fd-slicer/-/fd-slicer-1.1.0.tgz 14035ms (cache miss)
1534 http fetch GET 200 https://registry.npmjs.org/micro/-/micro-9.3.5-canary.3.tgz 14078ms (cache miss)
1535 http fetch GET 200 https://registry.npmjs.org/merge2/-/merge2-1.4.1.tgz 14043ms (cache miss)
1536 http fetch GET 200 https://registry.npmjs.org/fastq/-/fastq-1.17.1.tgz 14047ms (cache miss)
1537 http fetch GET 200 https://registry.npmjs.org/yauzl-promise/-/yauzl-promise-2.1.3.tgz 14184ms (cache miss)
1538 http fetch GET 200 https://registry.npmjs.org/estree-walker/-/estree-walker-2.0.2.tgz 14037ms (cache miss)
1539 http fetch GET 200 https://registry.npmjs.org/to-regex-range/-/to-regex-range-5.0.1.tgz 14183ms (cache miss)
1540 http fetch GET 200 https://registry.npmjs.org/webidl-conversions/-/webidl-conversions-3.0.1.tgz 14219ms (cache miss)
1541 http fetch GET 200 https://registry.npmjs.org/string-width/-/string-width-4.2.3.tgz 14196ms (cache miss)
1542 http fetch GET 200 https://registry.npmjs.org/stream-to-array/-/stream-to-array-2.3.0.tgz 14197ms (cache miss)
1543 http fetch GET 200 https://registry.npmjs.org/end-of-stream/-/end-of-stream-1.1.0.tgz 14196ms (cache miss)
1544 http fetch GET 200 https://registry.npmjs.org/stat-mode/-/stat-mode-0.3.0.tgz 14196ms (cache miss)
1545 http fetch GET 200 https://registry.npmjs.org/shebang-command/-/shebang-command-2.0.0.tgz 14195ms (cache miss)
1546 http fetch GET 200 https://registry.npmjs.org/events-intercept/-/events-intercept-2.0.0.tgz 14068ms (cache miss)
1547 http fetch GET 200 https://registry.npmjs.org/end-of-stream/-/end-of-stream-1.4.4.tgz 14093ms (cache miss)
1548 http fetch GET 200 https://registry.npmjs.org/fs-minipass/-/fs-minipass-1.2.7.tgz 14110ms (cache miss)
1549 http fetch GET 200 https://registry.npmjs.org/shebang-regex/-/shebang-regex-3.0.0.tgz 14363ms (cache miss)
1550 http fetch GET 200 https://registry.npmjs.org/content-type/-/content-type-1.0.4.tgz 14221ms (cache miss)
1551 http fetch GET 200 https://registry.npmjs.org/depd/-/depd-1.1.2.tgz 14223ms (cache miss)
1552 http fetch GET 200 https://registry.npmjs.org/pend/-/pend-1.2.0.tgz 14346ms (cache miss)
1553 http fetch GET 200 https://registry.npmjs.org/run-parallel/-/run-parallel-1.2.0.tgz 14369ms (cache miss)
1554 http fetch GET 200 https://registry.npmjs.org/detect-libc/-/detect-libc-2.0.3.tgz 14238ms (cache miss)
1555 http fetch GET 200 https://registry.npmjs.org/convert-hrtime/-/convert-hrtime-3.0.0.tgz 14233ms (cache miss)
1556 http fetch GET 200 https://registry.npmjs.org/delegates/-/delegates-1.0.0.tgz 14236ms (cache miss)
1557 http fetch GET 200 https://registry.npmjs.org/cross-spawn/-/cross-spawn-7.0.3.tgz 14238ms (cache miss)
1558 http fetch GET 200 https://registry.npmjs.org/color-support/-/color-support-1.1.3.tgz 14233ms (cache miss)
1559 http fetch GET 200 https://registry.npmjs.org/braces/-/braces-3.0.3.tgz 14228ms (cache miss)
1560 http fetch GET 200 https://registry.npmjs.org/bindings/-/bindings-1.5.0.tgz 14229ms (cache miss)
1561 http fetch GET 200 https://registry.npmjs.org/create-require/-/create-require-1.1.1.tgz 14238ms (cache miss)
1562 http fetch GET 200 https://registry.npmjs.org/binary-extensions/-/binary-extensions-2.3.0.tgz 14228ms (cache miss)
1563 http fetch GET 200 https://registry.npmjs.org/code-block-writer/-/code-block-writer-10.1.1.tgz 14239ms (cache miss)
1564 http fetch GET 200 https://registry.npmjs.org/async-listen/-/async-listen-1.2.0.tgz 14229ms (cache miss)
1565 http fetch GET 200 https://registry.npmjs.org/are-we-there-yet/-/are-we-there-yet-2.0.0.tgz 14314ms (cache miss)
1566 http fetch GET 200 https://registry.npmjs.org/async-sema/-/async-sema-3.1.1.tgz 14315ms (cache miss)
1567 http fetch GET 200 https://registry.npmjs.org/aproba/-/aproba-2.0.0.tgz 14315ms (cache miss)
1568 http fetch GET 200 https://registry.npmjs.org/anymatch/-/anymatch-3.1.3.tgz 14314ms (cache miss)
1569 http fetch GET 200 https://registry.npmjs.org/pump/-/pump-3.0.2.tgz 14460ms (cache miss)
1570 http fetch GET 200 https://registry.npmjs.org/path-to-regexp/-/path-to-regexp-6.2.1.tgz 14458ms (cache miss)
1571 http fetch GET 200 https://registry.npmjs.org/mkdirp/-/mkdirp-0.5.6.tgz 14419ms (cache miss)
1572 http fetch GET 200 https://registry.npmjs.org/rimraf/-/rimraf-3.0.2.tgz 14413ms (cache miss)
1573 http fetch GET 200 https://registry.npmjs.org/isarray/-/isarray-0.0.1.tgz 14405ms (cache miss)
1574 http fetch GET 200 https://registry.npmjs.org/lru-cache/-/lru-cache-6.0.0.tgz 14412ms (cache miss)
1575 http fetch GET 200 https://registry.npmjs.org/path-key/-/path-key-3.1.1.tgz 14475ms (cache miss)
1576 http fetch GET 200 https://registry.npmjs.org/is-number/-/is-number-7.0.0.tgz 14437ms (cache miss)
1577 http fetch GET 200 https://registry.npmjs.org/human-signals/-/human-signals-1.1.1.tgz 14432ms (cache miss)
1578 http fetch GET 200 https://registry.npmjs.org/get-stream/-/get-stream-5.2.0.tgz 14428ms (cache miss)
1579 http fetch GET 200 https://registry.npmjs.org/inherits/-/inherits-2.0.1.tgz 14430ms (cache miss)
1580 http fetch GET 200 https://registry.npmjs.org/acorn-walk/-/acorn-walk-8.3.4.tgz 14371ms (cache miss)
1581 http fetch GET 200 https://registry.npmjs.org/strip-final-newline/-/strip-final-newline-2.0.0.tgz 14571ms (cache miss)
1582 http fetch GET 200 https://registry.npmjs.org/etag/-/etag-1.8.1.tgz 14429ms (cache miss)
1583 http fetch GET 200 https://registry.npmjs.org/file-uri-to-path/-/file-uri-to-path-1.0.0.tgz 14391ms (cache miss)
1584 http fetch GET 200 https://registry.npmjs.org/abbrev/-/abbrev-1.1.1.tgz 14402ms (cache miss)
1585 http fetch GET 200 https://registry.npmjs.org/any-promise/-/any-promise-1.3.0.tgz 14444ms (cache miss)
1586 warn deprecated npmlog@5.0.1: This package is no longer supported.
1587 http fetch GET 200 https://registry.npmjs.org/has-unicode/-/has-unicode-2.0.1.tgz 14633ms (cache miss)
1588 http fetch GET 200 https://registry.npmjs.org/@nodelib/fs.scandir/-/fs.scandir-2.1.5.tgz 14817ms (cache miss)
1589 http fetch GET 200 https://registry.npmjs.org/async-listen/-/async-listen-3.0.1.tgz 14619ms (cache miss)
1590 http fetch GET 200 https://registry.npmjs.org/console-control-strings/-/console-control-strings-1.1.0.tgz 14614ms (cache miss)
1591 http fetch GET 200 https://registry.npmjs.org/buffer-crc32/-/buffer-crc32-0.2.13.tgz 14612ms (cache miss)
1592 http fetch GET 200 https://registry.npmjs.org/agent-base/-/agent-base-6.0.2.tgz 14601ms (cache miss)
1593 http fetch GET 200 https://registry.npmjs.org/acorn-import-attributes/-/acorn-import-attributes-1.9.5.tgz 14601ms (cache miss)
1594 http fetch GET 200 https://registry.npmjs.org/chownr/-/chownr-1.1.4.tgz 14615ms (cache miss)
1595 http fetch GET 200 https://registry.npmjs.org/minizlib/-/minizlib-1.3.3.tgz 14729ms (cache miss)
1596 http fetch GET 200 https://registry.npmjs.org/yallist/-/yallist-3.1.1.tgz 14990ms (cache miss)
1597 http fetch GET 200 https://registry.npmjs.org/glob-parent/-/glob-parent-5.1.2.tgz 14887ms (cache miss)
1598 http fetch GET 200 https://registry.npmjs.org/@vercel/gatsby-plugin-vercel-builder/-/gatsby-plugin-vercel-builder-2.0.47.tgz 15336ms (cache miss)
1599 http fetch GET 200 https://registry.npmjs.org/bytes/-/bytes-3.1.0.tgz 15267ms (cache miss)
1600 http fetch GET 200 https://registry.npmjs.org/setprototypeof/-/setprototypeof-1.1.1.tgz 15439ms (cache miss)
1601 http fetch GET 200 https://registry.npmjs.org/arg/-/arg-4.1.0.tgz 15318ms (cache miss)
1602 http fetch GET 200 https://registry.npmjs.org/raw-body/-/raw-body-2.4.1.tgz 15485ms (cache miss)
1603 http fetch GET 200 https://registry.npmjs.org/xdg-portable/-/xdg-portable-7.3.0.tgz 15830ms (cache miss)
1604 warn deprecated rimraf@3.0.2: Rimraf versions prior to v4 are no longer supported
1605 http fetch GET 200 https://registry.npmjs.org/@vercel/static-config/-/static-config-3.0.0.tgz 16047ms (cache miss)
1606 warn deprecated inflight@1.0.6: This module is not supported, and leaks memory. Do not use it. Check out lru-cache if you want a good and tested way to coalesce async requests by a key value, which is much more comprehensive and powerful.
1607 http fetch GET 200 https://registry.npmjs.org/@rollup/pluginutils/-/pluginutils-4.2.1.tgz 16505ms (cache miss)
1608 http fetch GET 200 https://registry.npmjs.org/whatwg-url/-/whatwg-url-5.0.0.tgz 16678ms (cache miss)
1609 http fetch GET 200 https://registry.npmjs.org/@vercel/python/-/python-4.3.1.tgz 17005ms (cache miss)
1610 http fetch GET 200 https://registry.npmjs.org/tr46/-/tr46-0.0.3.tgz 17070ms (cache miss)
1611 http fetch GET 200 https://registry.npmjs.org/emoji-regex/-/emoji-regex-8.0.0.tgz 16954ms (cache miss)
1612 http fetch GET 200 https://registry.npmjs.org/@vercel/ruby/-/ruby-2.1.0.tgz 17204ms (cache miss)
1613 warn deprecated are-we-there-yet@2.0.0: This package is no longer supported.
1614 http fetch GET 200 https://registry.npmjs.org/minipass/-/minipass-5.0.0.tgz 19146ms (cache miss)
1615 http fetch GET 200 https://registry.npmjs.org/cjs-module-lexer/-/cjs-module-lexer-1.2.3.tgz 18931ms (cache miss)
1616 http fetch GET 200 https://registry.npmjs.org/esbuild/-/esbuild-0.14.47.tgz 18969ms (cache miss)
1617 warn deprecated glob@7.2.3: Glob versions prior to v9 are no longer supported
1618 http fetch GET 200 https://registry.npmjs.org/chokidar/-/chokidar-3.3.1.tgz 19025ms (cache miss)
1619 http fetch GET 200 https://registry.npmjs.org/es-module-lexer/-/es-module-lexer-1.4.1.tgz 19053ms (cache miss)
1620 http fetch GET 200 https://registry.npmjs.org/debug/-/debug-4.1.1.tgz 19041ms (cache miss)
1621 http fetch GET 200 https://registry.npmjs.org/@cspotcode/source-map-support/-/source-map-support-0.8.1.tgz 19402ms (cache miss)
1622 http fetch GET 200 https://registry.npmjs.org/mkdirp/-/mkdirp-1.0.4.tgz 19458ms (cache miss)
1623 warn deprecated debug@4.1.1: Debug versions >=3.2.0 <3.2.7 || >=4 <4.3.1 have a low-severity ReDos regression when used in a Node.js environment. It is recommended you upgrade to 3.2.7 or 4.3.1. (https://github.com/visionmedia/debug/issues/797)
1624 http fetch GET 200 https://registry.npmjs.org/@edge-runtime/format/-/format-2.2.1.tgz 19462ms (cache miss)
1625 http fetch GET 200 https://registry.npmjs.org/execa/-/execa-3.2.0.tgz 19343ms (cache miss)
1626 http fetch GET 200 https://registry.npmjs.org/picomatch/-/picomatch-2.3.1.tgz 19473ms (cache miss)
1627 http fetch GET 200 https://registry.npmjs.org/node-fetch/-/node-fetch-2.6.7.tgz 19519ms (cache miss)
1628 http fetch GET 200 https://registry.npmjs.org/ts-morph/-/ts-morph-12.0.0.tgz 19743ms (cache miss)
1629 http fetch GET 200 https://registry.npmjs.org/ts-toolbelt/-/ts-toolbelt-6.15.5.tgz 20007ms (cache miss)
1630 http fetch GET 200 https://registry.npmjs.org/@edge-runtime/vm/-/vm-3.2.0.tgz 20044ms (cache miss)
1631 http fetch GET 200 https://registry.npmjs.org/@nodelib/fs.stat/-/fs.stat-2.0.5.tgz 20123ms (cache miss)
1632 http fetch GET 200 https://registry.npmjs.org/@vercel/remix-builder/-/remix-builder-2.2.9.tgz 20285ms (cache miss)
1633 http fetch GET 200 https://registry.npmjs.org/@jridgewell/trace-mapping/-/trace-mapping-0.3.9.tgz 20292ms (cache miss)
1634 http fetch GET 200 https://registry.npmjs.org/@vercel/go/-/go-3.1.3.tgz 20591ms (cache miss)
1635 http fetch GET 200 https://registry.npmjs.org/fast-json-stable-stringify/-/fast-json-stable-stringify-2.1.0.tgz 20378ms (cache miss)
1636 http fetch GET 200 https://registry.npmjs.org/path-to-regexp/-/path-to-regexp-6.1.0.tgz 20670ms (cache miss)
1637 warn deprecated gauge@3.0.2: This package is no longer supported.
1638 http fetch GET 200 https://registry.npmjs.org/acorn/-/acorn-8.12.1.tgz 20422ms (cache miss)
1639 http fetch GET 200 https://registry.npmjs.org/path-browserify/-/path-browserify-1.0.1.tgz 20582ms (cache miss)
1640 warn deprecated uuid@3.3.2: Please upgrade  to version 7 or higher.  Older versions may use Math.random() in certain circumstances, which is known to be problematic.  See https://v8.dev/blog/math-random for details.
1641 http fetch GET 200 https://registry.npmjs.org/@vercel/next/-/next-4.3.10.tgz 21151ms (cache miss)
1642 http fetch GET 200 https://registry.npmjs.org/@fastify/busboy/-/busboy-2.1.1.tgz 21237ms (cache miss)
1643 http fetch GET 200 https://registry.npmjs.org/minimist/-/minimist-1.2.8.tgz 21105ms (cache miss)
1644 http fetch GET 200 https://registry.npmjs.org/@nodelib/fs.walk/-/fs.walk-1.2.8.tgz 21345ms (cache miss)
1645 http fetch GET 200 https://registry.npmjs.org/@vercel/static-build/-/static-build-2.5.25.tgz 21687ms (cache miss)
1646 http fetch GET 200 https://registry.npmjs.org/tar/-/tar-4.4.18.tgz 21610ms (cache miss)
1647 http fetch GET 200 https://registry.npmjs.org/tar/-/tar-6.2.1.tgz 21664ms (cache miss)
1648 http fetch GET 200 https://registry.npmjs.org/signal-exit/-/signal-exit-4.0.2.tgz 21633ms (cache miss)
1649 http fetch GET 200 https://registry.npmjs.org/fs-extra/-/fs-extra-11.1.0.tgz 21772ms (cache miss)
1650 http fetch GET 200 https://registry.npmjs.org/iconv-lite/-/iconv-lite-0.4.24.tgz 21679ms (cache miss)
1651 http fetch GET 200 https://registry.npmjs.org/@edge-runtime/node-utils/-/node-utils-2.3.0.tgz 21866ms (cache miss)
1652 http fetch GET 200 https://registry.npmjs.org/generic-pool/-/generic-pool-3.4.2.tgz 21724ms (cache miss)
1653 http fetch GET 200 https://registry.npmjs.org/@mapbox/node-pre-gyp/-/node-pre-gyp-1.0.11.tgz 21954ms (cache miss)
1654 http fetch GET 200 https://registry.npmjs.org/diff/-/diff-4.0.2.tgz 21778ms (cache miss)
1655 http fetch GET 200 https://registry.npmjs.org/edge-runtime/-/edge-runtime-2.5.9.tgz 22074ms (cache miss)
1656 http fetch GET 200 https://registry.npmjs.org/@vercel/nft/-/nft-0.27.3.tgz 22555ms (cache miss)
1657 http fetch GET 200 https://registry.npmjs.org/web-vitals/-/web-vitals-0.2.4.tgz 23813ms (cache miss)
1658 http fetch GET 200 https://registry.npmjs.org/@edge-runtime/primitives/-/primitives-4.1.0.tgz 23827ms (cache miss)
1659 http fetch GET 200 https://registry.npmjs.org/semver/-/semver-7.3.5.tgz 23868ms (cache miss)
1660 http fetch GET 200 https://registry.npmjs.org/@vercel/node/-/node-3.2.15.tgz 23960ms (cache miss)
1661 http fetch GET 200 https://registry.npmjs.org/fast-glob/-/fast-glob-3.3.2.tgz 23915ms (cache miss)
1662 http fetch GET 200 https://registry.npmjs.org/@sinclair/typebox/-/typebox-0.25.24.tgz 24926ms (cache miss)
1663 http fetch GET 200 https://registry.npmjs.org/json-schema-to-ts/-/json-schema-to-ts-1.6.4.tgz 25376ms (cache miss)
1664 http fetch GET 200 https://registry.npmjs.org/@vercel/build-utils/-/build-utils-8.4.3.tgz 26681ms (cache miss)
1665 http fetch GET 200 https://registry.npmjs.org/vercel/-/vercel-37.5.3.tgz 26781ms (cache miss)
1666 http fetch GET 200 https://registry.npmjs.org/ajv/-/ajv-6.12.6.tgz 26622ms (cache miss)
1667 http fetch GET 200 https://registry.npmjs.org/ts-node/-/ts-node-10.9.1.tgz 27436ms (cache miss)
1668 http fetch GET 200 https://registry.npmjs.org/esbuild-windows-64/-/esbuild-windows-64-0.14.47.tgz 27305ms (cache miss)
1669 http fetch GET 200 https://registry.npmjs.org/@vercel/fun/-/fun-1.1.0.tgz 27963ms (cache miss)
1670 http fetch GET 200 https://registry.npmjs.org/@ts-morph/common/-/common-0.11.1.tgz 29170ms (cache miss)
1671 http fetch GET 200 https://registry.npmjs.org/undici/-/undici-5.28.4.tgz 29443ms (cache miss)
1672 http fetch GET 200 https://registry.npmjs.org/@types/node/-/node-16.18.11.tgz 29535ms (cache miss)
1673 http fetch GET 200 https://registry.npmjs.org/ajv/-/ajv-8.6.3.tgz 39177ms (cache miss)
1674 http fetch GET 200 https://registry.npmjs.org/typescript/-/typescript-4.9.5.tgz 39788ms (cache miss)
1675 info run esbuild@0.14.47 postinstall node_modules/vercel/node_modules/esbuild node install.js
1676 info run esbuild@0.14.47 postinstall { code: 0, signal: null }
1677 silly CHANGE node_modules/vercel
1678 silly ADD
1679 silly ADD
1680 silly ADD
1681 silly ADD
1682 silly ADD
1683 silly ADD
1684 silly ADD
1685 silly ADD
1686 silly ADD
1687 silly ADD
1688 silly ADD
1689 silly ADD
1690 silly ADD
1691 silly ADD
1692 silly ADD
1693 silly ADD
1694 silly ADD
1695 silly ADD
1696 silly ADD
1697 silly ADD
1698 silly CHANGE node_modules/vercel/node_modules/ts-morph
1699 silly CHANGE node_modules/vercel/node_modules/@vercel/routing-utils
1700 silly CHANGE node_modules/vercel/node_modules/@vercel/routing-utils/node_modules/path-to-regexp
1701 silly CHANGE node_modules/vercel/node_modules/@types/json-schema
1702 silly CHANGE node_modules/vercel/node_modules/@types/node
1703 silly CHANGE node_modules/vercel/node_modules/@vercel/static-config
1704 silly CHANGE node_modules/vercel/node_modules/@vercel/static-config/node_modules/json-schema-traverse
1705 silly CHANGE node_modules/vercel/node_modules/@vercel/static-config/node_modules/ajv
1706 silly CHANGE node_modules/vercel/node_modules/@vercel/static-build
1707 silly CHANGE node_modules/vercel/node_modules/@vercel/ruby
1708 silly CHANGE node_modules/vercel/node_modules/@vercel/python
1709 silly CHANGE node_modules/vercel/node_modules/@vercel/remix-builder
1710 silly CHANGE node_modules/vercel/node_modules/@vercel/redwood
1711 silly CHANGE node_modules/vercel/node_modules/@vercel/redwood/node_modules/semver
1712 silly CHANGE node_modules/vercel/node_modules/@vercel/nft
1713 silly CHANGE node_modules/vercel/node_modules/@vercel/node
1714 silly CHANGE node_modules/vercel/node_modules/@vercel/node/node_modules/node-fetch
1715 silly CHANGE node_modules/vercel/node_modules/@vercel/node/node_modules/async-listen
1716 silly CHANGE node_modules/vercel/node_modules/@vercel/go
1717 silly CHANGE node_modules/vercel/node_modules/@vercel/next
1718 silly CHANGE node_modules/vercel/node_modules/@vercel/hydrogen
1719 silly CHANGE node_modules/vercel/node_modules/@vercel/fun
1720 silly CHANGE node_modules/vercel/node_modules/@vercel/gatsby-plugin-vercel-builder
1721 silly CHANGE node_modules/vercel/node_modules/@vercel/gatsby-plugin-vercel-builder/node_modules/universalify
1722 silly CHANGE node_modules/vercel/node_modules/@vercel/gatsby-plugin-vercel-builder/node_modules/jsonfile
1723 silly CHANGE node_modules/vercel/node_modules/@vercel/gatsby-plugin-vercel-builder/node_modules/fs-extra
1724 silly CHANGE node_modules/vercel/node_modules/@ts-morph/common
1725 silly CHANGE node_modules/vercel/node_modules/@ts-morph/common/node_modules/mkdirp
1726 silly CHANGE node_modules/vercel/node_modules/@vercel/gatsby-plugin-vercel-analytics
1727 silly CHANGE node_modules/vercel/node_modules/@vercel/error-utils
1728 silly CHANGE node_modules/vercel/node_modules/@tootallnate/once
1729 silly CHANGE node_modules/vercel/node_modules/@sinclair/typebox
1730 silly CHANGE node_modules/vercel/node_modules/@vercel/build-utils
1731 silly CHANGE node_modules/vercel/node_modules/@tsconfig/node16
1732 silly CHANGE node_modules/vercel/node_modules/@tsconfig/node14
1733 silly CHANGE node_modules/vercel/node_modules/@tsconfig/node12
1734 silly CHANGE node_modules/vercel/node_modules/@tsconfig/node10
1735 silly CHANGE node_modules/vercel/node_modules/@rollup/pluginutils
1736 silly CHANGE node_modules/vercel/node_modules/@nodelib/fs.walk
1737 silly CHANGE node_modules/vercel/node_modules/@mapbox/node-pre-gyp
1738 silly CHANGE node_modules/vercel/node_modules/@mapbox/node-pre-gyp/node_modules/tar
1739 silly CHANGE node_modules/vercel/node_modules/@mapbox/node-pre-gyp/node_modules/mkdirp
1740 silly CHANGE node_modules/vercel/node_modules/@mapbox/node-pre-gyp/node_modules/minizlib
1741 silly CHANGE node_modules/vercel/node_modules/@mapbox/node-pre-gyp/node_modules/minizlib/node_modules/minipass
1742 silly CHANGE node_modules/vercel/node_modules/@mapbox/node-pre-gyp/node_modules/minipass
1743 silly CHANGE node_modules/vercel/node_modules/@mapbox/node-pre-gyp/node_modules/fs-minipass
1744 silly CHANGE node_modules/vercel/node_modules/@mapbox/node-pre-gyp/node_modules/fs-minipass/node_modules/minipass
1745 silly CHANGE node_modules/vercel/node_modules/@mapbox/node-pre-gyp/node_modules/chownr
1746 silly CHANGE node_modules/vercel/node_modules/@nodelib/fs.stat
1747 silly CHANGE node_modules/vercel/node_modules/@jridgewell/trace-mapping
1748 silly CHANGE node_modules/vercel/node_modules/@nodelib/fs.scandir
1749 silly CHANGE node_modules/vercel/node_modules/@fastify/busboy
1750 silly CHANGE node_modules/vercel/node_modules/@jridgewell/sourcemap-codec
1751 silly CHANGE node_modules/vercel/node_modules/@jridgewell/resolve-uri
1752 silly CHANGE node_modules/vercel/node_modules/@edge-runtime/vm
1753 silly CHANGE node_modules/vercel/node_modules/@edge-runtime/primitives
1754 silly CHANGE node_modules/vercel/node_modules/@edge-runtime/ponyfill
1755 silly CHANGE node_modules/vercel/node_modules/yauzl-clone
1756 silly CHANGE node_modules/vercel/node_modules/@edge-runtime/node-utils
1757 silly CHANGE node_modules/vercel/node_modules/@edge-runtime/format
1758 silly CHANGE node_modules/vercel/node_modules/@cspotcode/source-map-support
1759 silly CHANGE node_modules/vercel/node_modules/yn
1760 silly CHANGE node_modules/vercel/node_modules/yauzl-promise
1761 silly CHANGE node_modules/vercel/node_modules/xdg-app-paths
1762 silly CHANGE node_modules/vercel/node_modules/yauzl
1763 silly CHANGE node_modules/vercel/node_modules/yallist
1764 silly CHANGE node_modules/vercel/node_modules/xdg-portable
1765 silly CHANGE node_modules/vercel/node_modules/wide-align
1766 silly CHANGE node_modules/vercel/node_modules/wrappy
1767 silly CHANGE node_modules/vercel/node_modules/which
1768 silly CHANGE node_modules/vercel/node_modules/whatwg-url
1769 silly CHANGE node_modules/vercel/node_modules/web-vitals
1770 silly CHANGE node_modules/vercel/node_modules/util-deprecate
1771 silly CHANGE node_modules/vercel/node_modules/uuid
1772 silly CHANGE node_modules/vercel/node_modules/webidl-conversions
1773 silly CHANGE node_modules/vercel/node_modules/v8-compile-cache-lib
1774 silly CHANGE node_modules/vercel/node_modules/uri-js
1775 silly CHANGE node_modules/vercel/node_modules/ts-toolbelt
1776 silly CHANGE node_modules/vercel/node_modules/unpipe
1777 silly CHANGE node_modules/vercel/node_modules/universalify
1778 silly CHANGE node_modules/vercel/node_modules/undici
1779 silly CHANGE node_modules/vercel/node_modules/typescript
1780 silly CHANGE node_modules/vercel/node_modules/ts-node
1781 silly CHANGE node_modules/vercel/node_modules/uid-promise
1782 silly CHANGE node_modules/vercel/node_modules/tree-kill
1783 silly CHANGE node_modules/vercel/node_modules/tr46
1784 silly CHANGE node_modules/vercel/node_modules/strip-final-newline
1785 silly CHANGE node_modules/vercel/node_modules/time-span
1786 silly CHANGE node_modules/vercel/node_modules/toidentifier
1787 silly CHANGE node_modules/vercel/node_modules/to-regex-range
1788 silly CHANGE node_modules/vercel/node_modules/statuses
1789 silly CHANGE node_modules/vercel/node_modules/tar
1790 silly CHANGE node_modules/vercel/node_modules/tar/node_modules/yallist
1791 silly CHANGE node_modules/vercel/node_modules/string_decoder
1792 silly CHANGE node_modules/vercel/node_modules/strip-ansi
1793 silly CHANGE node_modules/vercel/node_modules/string-width
1794 silly CHANGE node_modules/vercel/node_modules/stream-to-array
1795 silly CHANGE node_modules/vercel/node_modules/stream-to-promise
1796 silly CHANGE node_modules/vercel/node_modules/stream-to-promise/node_modules/end-of-stream
1797 silly CHANGE node_modules/vercel/node_modules/stream-to-promise/node_modules/once
1798 silly CHANGE node_modules/vercel/node_modules/stat-mode
1799 silly CHANGE node_modules/vercel/node_modules/semver
1800 silly CHANGE node_modules/vercel/node_modules/signal-exit
1801 silly CHANGE node_modules/vercel/node_modules/setprototypeof
1802 silly CHANGE node_modules/vercel/node_modules/shebang-command
1803 silly CHANGE node_modules/vercel/node_modules/shebang-regex
1804 silly CHANGE node_modules/vercel/node_modules/set-blocking
1805 silly CHANGE node_modules/vercel/node_modules/safer-buffer
1806 silly CHANGE node_modules/vercel/node_modules/run-parallel
1807 silly CHANGE node_modules/vercel/node_modules/safe-buffer
1808 silly CHANGE node_modules/vercel/node_modules/rimraf
1809 silly CHANGE node_modules/vercel/node_modules/readdirp
1810 silly CHANGE node_modules/vercel/node_modules/reusify
1811 silly CHANGE node_modules/vercel/node_modules/resolve-from
1812 silly CHANGE node_modules/vercel/node_modules/raw-body
1813 silly CHANGE node_modules/vercel/node_modules/raw-body/node_modules/http-errors
1814 silly CHANGE node_modules/vercel/node_modules/readable-stream
1815 silly CHANGE node_modules/vercel/node_modules/require-from-string
1816 silly CHANGE node_modules/vercel/node_modules/queue-microtask
1817 silly CHANGE node_modules/vercel/node_modules/pretty-ms
1818 silly CHANGE node_modules/vercel/node_modules/punycode
1819 silly CHANGE node_modules/vercel/node_modules/path-browserify
1820 silly CHANGE node_modules/vercel/node_modules/picomatch
1821 silly CHANGE node_modules/vercel/node_modules/pump
1822 silly CHANGE node_modules/vercel/node_modules/promisepipe
1823 silly CHANGE node_modules/vercel/node_modules/path-to-regexp
1824 silly CHANGE node_modules/vercel/node_modules/pend
1825 silly CHANGE node_modules/vercel/node_modules/picocolors
1826 silly CHANGE node_modules/vercel/node_modules/path-match
1827 silly CHANGE node_modules/vercel/node_modules/path-match/node_modules/path-to-regexp
1828 silly CHANGE node_modules/vercel/node_modules/path-key
1829 silly CHANGE node_modules/vercel/node_modules/os-paths
1830 silly CHANGE node_modules/vercel/node_modules/path-is-absolute
1831 silly CHANGE node_modules/vercel/node_modules/parse-ms
1832 silly CHANGE node_modules/vercel/node_modules/onetime
1833 silly CHANGE node_modules/vercel/node_modules/p-finally
1834 silly CHANGE node_modules/vercel/node_modules/object-assign
1835 silly CHANGE node_modules/vercel/node_modules/npm-run-path
1836 silly CHANGE node_modules/vercel/node_modules/npmlog
1837 silly CHANGE node_modules/vercel/node_modules/once
1838 silly CHANGE node_modules/vercel/node_modules/normalize-path
1839 silly CHANGE node_modules/vercel/node_modules/nopt
1840 silly CHANGE node_modules/vercel/node_modules/node-gyp-build
1841 silly CHANGE node_modules/vercel/node_modules/node-fetch
1842 silly CHANGE node_modules/vercel/node_modules/mkdirp
1843 silly CHANGE node_modules/vercel/node_modules/ms
1844 silly CHANGE node_modules/vercel/node_modules/mri
1845 silly CHANGE node_modules/vercel/node_modules/minizlib
1846 silly CHANGE node_modules/vercel/node_modules/minipass
1847 silly CHANGE node_modules/vercel/node_modules/minipass/node_modules/yallist
1848 silly CHANGE node_modules/vercel/node_modules/minimist
1849 silly CHANGE node_modules/vercel/node_modules/minimatch
1850 silly CHANGE node_modules/vercel/node_modules/micro
1851 silly CHANGE node_modules/vercel/node_modules/mimic-fn
1852 silly CHANGE node_modules/vercel/node_modules/merge2
1853 silly CHANGE node_modules/vercel/node_modules/micromatch
1854 silly CHANGE node_modules/vercel/node_modules/make-error
1855 silly CHANGE node_modules/vercel/node_modules/make-dir
1856 silly CHANGE node_modules/vercel/node_modules/make-dir/node_modules/semver
1857 silly CHANGE node_modules/vercel/node_modules/is-stream
1858 silly CHANGE node_modules/vercel/node_modules/merge-stream
1859 silly CHANGE node_modules/vercel/node_modules/lru-cache
1860 silly CHANGE node_modules/vercel/node_modules/json-schema-traverse
1861 silly CHANGE node_modules/vercel/node_modules/json-schema-to-ts
1862 silly CHANGE node_modules/vercel/node_modules/jsonfile
1863 silly CHANGE node_modules/vercel/node_modules/isexe
1864 silly CHANGE node_modules/vercel/node_modules/is-number
1865 silly CHANGE node_modules/vercel/node_modules/isarray
1866 silly CHANGE node_modules/vercel/node_modules/is-fullwidth-code-point
1867 silly CHANGE node_modules/vercel/node_modules/is-extglob
1868 silly CHANGE node_modules/vercel/node_modules/is-glob
1869 silly CHANGE node_modules/vercel/node_modules/human-signals
1870 silly CHANGE node_modules/vercel/node_modules/is-binary-path
1871 silly CHANGE node_modules/vercel/node_modules/inflight
1872 silly CHANGE node_modules/vercel/node_modules/iconv-lite
1873 silly CHANGE node_modules/vercel/node_modules/inherits
1874 silly CHANGE node_modules/vercel/node_modules/https-proxy-agent
1875 silly CHANGE node_modules/vercel/node_modules/has-unicode
1876 silly CHANGE node_modules/vercel/node_modules/http-errors
1877 silly CHANGE node_modules/vercel/node_modules/http-errors/node_modules/inherits
1878 silly CHANGE node_modules/vercel/node_modules/graceful-fs
1879 silly CHANGE node_modules/vercel/node_modules/get-stream
1880 silly CHANGE node_modules/vercel/node_modules/glob-parent
1881 silly CHANGE node_modules/vercel/node_modules/glob
1882 silly CHANGE node_modules/vercel/node_modules/fill-range
1883 silly CHANGE node_modules/vercel/node_modules/generic-pool
1884 silly CHANGE node_modules/vercel/node_modules/gauge
1885 silly CHANGE node_modules/vercel/node_modules/gauge/node_modules/signal-exit
1886 silly CHANGE node_modules/vercel/node_modules/fs-extra
1887 silly CHANGE node_modules/vercel/node_modules/fs-minipass
1888 silly CHANGE node_modules/vercel/node_modules/fs.realpath
1889 silly CHANGE node_modules/vercel/node_modules/fastq
1890 silly CHANGE node_modules/vercel/node_modules/fd-slicer
1891 silly CHANGE node_modules/vercel/node_modules/file-uri-to-path
1892 silly CHANGE node_modules/vercel/node_modules/fast-glob
1893 silly CHANGE node_modules/vercel/node_modules/execa
1894 silly CHANGE node_modules/vercel/node_modules/execa/node_modules/signal-exit
1895 silly CHANGE node_modules/vercel/node_modules/fast-deep-equal
1896 silly CHANGE node_modules/vercel/node_modules/fast-json-stable-stringify
1897 silly CHANGE node_modules/vercel/node_modules/events-intercept
1898 silly CHANGE node_modules/vercel/node_modules/etag
1899 silly CHANGE node_modules/vercel/node_modules/estree-walker
1900 silly CHANGE node_modules/vercel/node_modules/end-of-stream
1901 silly CHANGE node_modules/vercel/node_modules/esbuild
1902 silly CHANGE node_modules/vercel/node_modules/esbuild-windows-64
1903 silly CHANGE node_modules/vercel/node_modules/es-module-lexer
1904 silly CHANGE node_modules/vercel/node_modules/diff
1905 silly CHANGE node_modules/vercel/node_modules/edge-runtime
1906 silly CHANGE node_modules/vercel/node_modules/edge-runtime/node_modules/async-listen
1907 silly CHANGE node_modules/vercel/node_modules/emoji-regex
1908 silly CHANGE node_modules/vercel/node_modules/detect-libc
1909 silly CHANGE node_modules/vercel/node_modules/depd
1910 silly CHANGE node_modules/vercel/node_modules/content-type
1911 silly CHANGE node_modules/vercel/node_modules/debug
1912 silly CHANGE node_modules/vercel/node_modules/cross-spawn
1913 silly CHANGE node_modules/vercel/node_modules/delegates
1914 silly CHANGE node_modules/vercel/node_modules/create-require
1915 silly CHANGE node_modules/vercel/node_modules/convert-hrtime
1916 silly CHANGE node_modules/vercel/node_modules/console-control-strings
1917 silly CHANGE node_modules/vercel/node_modules/code-block-writer
1918 silly CHANGE node_modules/vercel/node_modules/color-support
1919 silly CHANGE node_modules/vercel/node_modules/concat-map
1920 silly CHANGE node_modules/vercel/node_modules/cjs-module-lexer
1921 silly CHANGE node_modules/vercel/node_modules/buffer-crc32
1922 silly CHANGE node_modules/vercel/node_modules/chokidar
1923 silly CHANGE node_modules/vercel/node_modules/chownr
1924 silly CHANGE node_modules/vercel/node_modules/bytes
1925 silly CHANGE node_modules/vercel/node_modules/bindings
1926 silly CHANGE node_modules/vercel/node_modules/braces
1927 silly CHANGE node_modules/vercel/node_modules/brace-expansion
1928 silly CHANGE node_modules/vercel/node_modules/balanced-match
1929 silly CHANGE node_modules/vercel/node_modules/binary-extensions
1930 silly CHANGE node_modules/vercel/node_modules/async-listen
1931 silly CHANGE node_modules/vercel/node_modules/async-sema
1932 silly CHANGE node_modules/vercel/node_modules/are-we-there-yet
1933 silly CHANGE node_modules/vercel/node_modules/anymatch
1934 silly CHANGE node_modules/vercel/node_modules/aproba
1935 silly CHANGE node_modules/vercel/node_modules/arg
1936 silly CHANGE node_modules/vercel/node_modules/any-promise
1937 silly CHANGE node_modules/vercel/node_modules/ansi-regex
1938 silly CHANGE node_modules/vercel/node_modules/agent-base
1939 silly CHANGE node_modules/vercel/node_modules/ajv
1940 silly CHANGE node_modules/vercel/node_modules/acorn-import-attributes
1941 silly CHANGE node_modules/vercel/node_modules/acorn-walk
1942 silly CHANGE node_modules/vercel/node_modules/acorn
1943 silly CHANGE node_modules/vercel/node_modules/abbrev
1944 verbose cwd C:\Users\Faneva_ANDRIANAINA\Desktop\profily
1945 verbose os Windows_NT 10.0.18363
1946 verbose node v20.11.1
1947 verbose npm  v10.8.3
1948 verbose exit 0
1949 info ok
